Daily Time Spent on Site,Age,Area Income,Daily Internet Usage,Male,Country,Timestamp,Clicked on Ad,Continent
68.95,35,61833.9,256.09,0,Tunisia,2016-03-27 00:53:11,0,Africa
80.23,31,68441.85,193.77,1,Nauru,2016-04-04 01:39:02,0,Oceania
69.47,26,59785.94,236.5,0,San Marino,2016-03-13 20:35:42,0,Europe
74.15,29,54806.18,245.89,1,Italy,2016-01-10 02:31:19,0,Europe
68.37,35,73889.99,225.58,0,Iceland,2016-06-03 03:36:18,0,Europe
59.99,23,59761.56,226.74,1,Norway,2016-05-19 14:30:17,0,Europe
88.91,33,53852.85,208.36,0,Myanmar,2016-01-28 20:59:32,0,Asia
66.0,48,24593.33,131.76,1,Australia,2016-03-07 01:40:15,1,Oceania
74.53,30,68862.0,221.51,1,Grenada,2016-04-18 09:33:42,0,North America
69.88,20,55642.32,183.82,1,Ghana,2016-07-11 01:42:51,0,Africa
47.64,49,45632.51,122.02,0,Qatar,2016-03-16 20:19:01,1,Asia
83.07,37,62491.01,230.87,1,Burundi,2016-05-08 08:10:10,0,Africa
69.57,48,51636.92,113.12,1,Egypt,2016-06-03 01:14:41,1,Africa
79.52,24,51739.63,214.23,0,Bosnia and Herzegovina,2016-04-20 21:49:22,0,Europe
42.95,33,30976.0,143.56,0,Barbados,2016-03-24 09:31:49,1,North America
63.45,23,52182.23,140.64,1,Spain,2016-03-09 03:41:30,1,Europe
55.39,37,23936.86,129.41,0,Palestinian Territory,2016-01-30 19:20:41,1,Asia
82.03,41,71511.08,187.53,0,Afghanistan,2016-05-02 07:00:58,0,Asia
54.7,36,31087.54,118.39,1,British Indian Ocean Territory (Chagos Archipelago),2016-02-13 07:53:55,1,Asia
74.58,40,23821.72,135.51,1,Russian Federation,2016-02-27 04:43:07,1,Asia
77.22,30,64802.33,224.44,1,Cameroon,2016-01-05 07:52:48,0,Africa
84.59,35,60015.57,226.54,1,Cameroon,2016-03-18 13:22:35,0,Africa
41.49,52,32635.7,164.83,0,Burundi,2016-05-20 08:49:33,1,Africa
87.29,36,61628.72,209.93,1,Korea,2016-03-23 09:43:43,0,Asia
41.39,41,68962.32,167.22,0,Tokelau,2016-06-13 17:27:09,1,Oceania
78.74,28,64828.0,204.79,1,Monaco,2016-05-27 15:25:52,0,Europe
48.53,28,38067.08,134.14,1,Tuvalu,2016-02-08 10:46:14,1,Oceania
51.95,52,58295.82,129.23,0,Greece,2016-07-19 08:32:10,1,Europe
70.2,34,32708.94,119.2,0,British Virgin Islands,2016-04-14 05:08:35,1,North America
76.02,22,46179.97,209.82,0,Bouvet Island (Bouvetoya),2016-01-27 12:38:16,0,Antarctica
67.64,35,51473.28,267.01,1,Peru,2016-07-02 20:23:15,0,South America
86.41,28,45593.93,207.48,1,Aruba,2016-03-01 22:13:37,0,North America
59.05,57,25583.29,169.23,1,Maldives,2016-07-15 05:05:14,1,Asia
55.6,23,30227.98,212.58,0,Senegal,2016-01-14 14:00:09,1,Africa
57.64,57,45580.92,133.81,1,Dominica,2016-03-15 03:12:25,1,North America
84.37,30,61389.5,201.58,0,Luxembourg,2016-04-12 03:26:39,0,Europe
62.26,53,56770.79,125.45,1,Montenegro,2016-04-07 15:18:10,1,Europe
65.82,39,76435.3,221.94,0,Ukraine,2016-02-09 05:28:18,0,Europe
50.43,46,57425.87,119.32,1,Saint Helena,2016-05-07 17:11:49,1,Africa
38.93,39,27508.41,162.08,0,Liberia,2016-03-11 06:49:10,1,Africa
84.98,29,57691.95,202.61,0,Russian Federation,2016-04-27 09:27:58,0,Asia
64.24,30,59784.18,252.36,0,Tunisia,2016-04-16 11:53:43,0,Africa
82.52,32,66572.39,198.11,1,Turkmenistan,2016-05-08 15:38:46,0,Asia
81.38,31,64929.61,212.3,0,Saint Helena,2016-02-08 00:23:38,0,Africa
80.47,25,57519.64,204.86,0,Niger,2016-02-11 13:26:22,0,Africa
37.68,52,53575.48,172.83,1,Turkmenistan,2016-02-17 13:16:33,1,Asia
69.62,20,50983.75,202.25,1,Qatar,2016-02-26 22:46:43,0,Asia
85.4,43,67058.72,198.72,0,Sri Lanka,2016-06-08 18:54:01,0,Asia
44.33,37,52723.34,123.72,1,Trinidad and Tobago,2016-01-08 09:32:26,1,North America
48.01,46,54286.1,119.93,0,Italy,2016-04-25 11:01:54,1,Europe
73.18,23,61526.25,196.71,1,British Virgin Islands,2016-04-04 07:07:46,0,North America
79.94,28,58526.04,225.29,0,United Kingdom,2016-05-03 21:19:58,0,Europe
33.33,45,53350.11,193.58,1,Guinea-Bissau,2016-01-17 09:31:36,1,Africa
50.33,50,62657.53,133.2,1,Micronesia,2016-03-02 04:57:51,1,Oceania
62.31,47,62722.57,119.3,0,Turkey,2016-02-14 07:36:58,1,Asia
80.6,31,67479.62,177.55,0,Croatia,2016-04-07 03:56:16,0,Europe
65.19,36,75254.88,150.61,0,Israel,2016-02-17 11:42:00,1,Asia
44.98,49,52336.64,129.31,0,Svalbard & Jan Mayen Islands,2016-04-10 00:13:47,1,Europe
77.63,29,56113.37,239.22,0,Azerbaijan,2016-02-14 17:05:15,0,Europe
41.82,41,24852.9,156.36,0,Iran,2016-05-26 22:49:47,1,Asia
85.61,27,47708.42,183.43,0,Burundi,2016-04-30 08:07:13,0,Africa
85.84,34,64654.66,192.93,1,Saint Vincent and the Grenadines,2016-06-15 05:30:13,0,North America
72.08,29,71228.44,169.5,0,Burundi,2016-03-09 14:45:33,0,Africa
86.06,32,61601.05,178.92,1,Bulgaria,2016-03-31 20:55:22,0,Europe
45.96,45,66281.46,141.22,0,Christmas Island,2016-06-03 00:55:23,1,Asia
62.42,29,73910.9,198.5,1,Canada,2016-03-10 23:36:03,0,North America
63.89,40,51317.33,105.22,0,Rwanda,2016-01-08 00:17:27,1,Africa
35.33,32,51510.18,200.22,0,Turks and Caicos Islands,2016-06-05 22:11:34,1,North America
75.74,25,61005.87,215.25,1,Tunisia,2016-01-16 11:35:01,0,Africa
78.53,34,32536.98,131.72,0,Norfolk Island,2016-04-22 20:10:22,1,Oceania
46.13,31,60248.97,139.01,0,Bouvet Island (Bouvetoya),2016-02-01 09:00:55,1,Antarctica
69.01,46,74543.81,222.63,0,Turks and Caicos Islands,2016-07-07 13:37:34,0,North America
55.35,39,75509.61,153.17,1,Cook Islands,2016-03-08 00:37:54,1,Oceania
33.21,43,42650.32,167.07,1,Turkey,2016-05-10 17:39:06,1,Asia
38.46,42,58183.04,145.98,1,Guatemala,2016-04-06 11:24:21,1,North America
64.1,22,60465.72,215.93,0,Cote d'Ivoire,2016-04-01 16:21:05,0,Africa
49.81,35,57009.76,120.06,1,Faroe Islands,2016-01-05 04:18:46,1,Europe
82.73,33,54541.56,238.99,1,Qatar,2016-05-20 21:31:24,0,Asia
56.14,38,32689.04,113.53,1,Ireland,2016-02-03 07:59:16,1,Europe
55.13,45,55605.92,111.71,0,Ukraine,2016-02-17 21:55:29,1,Europe
78.11,27,63296.87,209.25,1,Moldova,2016-01-30 16:10:04,0,Europe
73.46,28,65653.47,222.75,1,Nicaragua,2016-05-15 14:41:49,0,North America
56.64,38,61652.53,115.91,0,Montserrat,2016-01-05 17:56:52,1,North America
68.94,54,30726.26,138.71,0,Timor-Leste,2016-04-19 07:34:28,1,Asia
70.79,31,74535.94,184.1,0,Bouvet Island (Bouvetoya),2016-03-15 15:49:14,0,Antarctica
57.76,41,47861.93,105.15,0,Puerto Rico,2016-06-12 15:25:44,1,North America
77.51,36,73600.28,200.55,0,Central African Republic,2016-07-01 04:41:57,0,Africa
52.7,34,58543.94,118.6,1,Venezuela,2016-05-08 12:12:04,1,South America
57.7,34,42696.67,109.07,0,Australia,2016-03-14 23:13:11,1,Oceania
56.89,37,37334.78,109.29,1,Wallis and Futuna,2016-05-25 00:19:57,1,Oceania
69.9,43,71392.53,138.35,0,Jersey,2016-05-13 11:51:10,1,Europe
55.79,24,59550.05,149.67,0,Puerto Rico,2016-02-20 20:47:05,1,North America
70.03,26,64264.25,227.72,1,Samoa,2016-05-22 20:49:37,0,Oceania
50.08,40,64147.86,125.85,1,Greece,2016-04-10 02:02:36,1,Europe
43.67,31,25686.34,166.29,1,Antarctica (the territory South of 60 deg S),2016-02-28 06:41:44,1,Antarctica
72.84,26,52968.22,238.63,0,Albania,2016-07-08 21:18:32,0,Europe
45.72,36,22473.08,154.02,1,Hong Kong,2016-04-19 15:14:58,1,Asia
39.94,41,64927.19,156.3,0,Lithuania,2016-01-08 22:47:10,1,Europe
35.61,46,51868.85,158.22,0,Egypt,2016-03-28 08:46:26,1,Africa
79.71,34,69456.83,211.65,1,Bangladesh,2016-07-02 14:57:53,0,Asia
41.49,53,31947.65,169.18,0,Western Sahara,2016-07-03 09:22:30,1,Africa
63.6,23,51864.77,235.28,1,Serbia,2016-06-01 09:27:34,0,Europe
89.91,40,59593.56,194.23,0,Maldives,2016-07-09 14:55:36,0,Asia
68.18,21,48376.14,218.17,1,Czech Republic,2016-02-09 22:04:54,0,Europe
66.49,20,56884.74,202.16,0,Guernsey,2016-06-10 11:31:33,0,Europe
80.49,40,67186.54,229.12,1,Tanzania,2016-02-14 03:50:52,0,Africa
72.23,25,46557.92,241.03,1,Bhutan,2016-07-05 17:17:49,0,Asia
42.39,42,66541.05,150.99,0,Christmas Island,2016-04-28 05:50:25,1,Asia
47.53,30,33258.09,135.18,0,Guinea,2016-04-03 05:10:31,1,Africa
74.02,32,72272.9,210.54,0,Micronesia,2016-03-09 14:57:11,0,Oceania
66.63,60,60333.38,176.98,0,Madagascar,2016-01-16 23:37:51,1,Africa
63.24,53,65229.13,235.78,1,Lebanon,2016-07-03 04:33:41,1,Asia
71.0,22,56067.38,211.87,0,Eritrea,2016-03-14 06:46:14,0,Africa
46.13,46,37838.72,123.64,1,Guyana,2016-01-09 05:44:56,1,South America
69.0,32,72683.35,221.21,1,Trinidad and Tobago,2016-02-11 04:37:34,0,North America
76.99,31,56729.78,244.34,1,Jersey,2016-06-22 07:33:21,0,Europe
72.6,55,66815.54,162.95,0,United Arab Emirates,2016-07-13 16:12:24,1,Asia
61.88,42,60223.52,112.19,1,Martinique,2016-07-23 11:46:28,1,North America
84.45,50,29727.79,207.18,0,Somalia,2016-07-13 04:10:53,1,Africa
88.97,45,49269.98,152.49,0,Bhutan,2016-06-11 18:32:12,1,Asia
86.19,31,57669.41,210.26,1,Greece,2016-05-08 12:51:00,0,Europe
49.58,26,56791.75,231.94,0,Benin,2016-04-07 16:02:02,0,Africa
77.65,27,63274.88,212.79,0,Papua New Guinea,2016-02-04 13:30:32,0,Oceania
37.75,36,35466.8,225.24,0,Uzbekistan,2016-02-26 19:48:23,1,Asia
62.33,43,68787.09,127.11,0,South Africa,2016-06-21 13:15:21,1,Africa
79.57,31,61227.59,230.93,0,Egypt,2016-05-17 04:27:31,0,Africa
80.31,44,56366.88,127.07,0,Hungary,2016-04-18 15:54:33,1,Europe
89.05,45,57868.44,206.98,0,Falkland Islands (Malvinas),2016-04-03 10:07:56,0,South America
70.41,27,66618.21,223.03,0,Dominica,2016-04-04 21:30:46,0,North America
67.36,37,73104.47,233.56,0,Jersey,2016-07-06 16:00:33,0,Europe
46.98,50,21644.91,175.37,0,Lithuania,2016-05-04 09:00:24,1,Europe
41.67,36,53817.02,132.55,0,Saint Martin,2016-06-13 18:50:00,1,North America
51.24,36,76368.31,176.73,0,Cuba,2016-01-03 16:01:40,1,North America
75.7,29,67633.44,215.44,0,United States Minor Outlying Islands,2016-01-14 00:23:10,0,North America
43.49,47,50335.46,127.83,0,Belize,2016-01-12 10:07:29,1,North America
49.89,39,17709.98,160.03,1,Belize,2016-04-16 12:09:25,1,North America
38.37,36,41229.16,140.46,0,Antarctica (the territory South of 60 deg S),2016-05-13 06:09:28,1,Antarctica
38.52,38,42581.23,137.28,1,Saint Vincent and the Grenadines,2016-03-27 23:59:06,1,North America
71.89,23,61617.98,172.81,1,Kuwait,2016-02-03 23:47:56,0,Asia
75.8,38,70575.6,146.19,1,Thailand,2016-04-18 11:23:05,0,Asia
83.86,31,64122.36,190.25,0,Gibraltar,2016-02-05 19:06:01,0,Europe
37.51,30,52097.32,163.0,1,Holy See (Vatican City State),2016-03-21 18:46:41,1,Europe
55.6,44,65953.76,124.38,1,Korea,2016-06-14 11:59:58,1,Asia
83.67,44,60192.72,234.26,1,Saint Helena,2016-02-06 23:08:57,0,Africa
69.08,41,77460.07,210.6,0,Turks and Caicos Islands,2016-03-12 01:39:19,0,North America
37.47,44,45716.48,141.89,1,Czech Republic,2016-01-26 03:56:18,1,Europe
56.04,49,65120.86,128.95,1,Netherlands,2016-02-07 08:02:31,1,Europe
70.92,41,49995.63,108.16,1,Belarus,2016-05-05 07:58:22,1,Europe
49.78,46,71718.51,152.24,0,Dominica,2016-06-29 02:43:29,1,North America
68.61,57,61770.34,150.29,0,South Africa,2016-04-10 19:48:01,1,Africa
58.18,25,69112.84,176.28,1,New Zealand,2016-02-10 06:37:56,0,Oceania
78.54,35,72524.86,172.1,0,Togo,2016-05-28 20:41:50,0,Africa
37.0,48,36782.38,158.22,1,Kenya,2016-03-24 06:36:52,1,Africa
65.4,33,66699.12,247.31,0,Palau,2016-02-12 22:51:08,0,Oceania
79.52,27,64287.78,183.48,1,Timor-Leste,2016-06-10 10:11:00,0,Asia
87.98,38,56637.59,222.11,1,Cambodia,2016-03-31 10:44:46,0,Asia
44.64,36,55787.58,127.01,0,Belize,2016-02-14 06:51:43,1,North America
41.73,28,61142.33,202.18,1,Cuba,2016-01-07 19:16:05,1,North America
80.46,27,61625.87,207.96,1,Costa Rica,2016-02-04 02:13:52,0,North America
75.55,36,73234.87,159.24,0,Liechtenstein,2016-05-09 02:58:58,1,Europe
76.32,35,74166.24,195.31,1,Korea,2016-06-23 00:16:02,0,Asia
82.68,33,62669.59,222.77,1,Ukraine,2016-06-20 09:35:02,0,Europe
72.01,31,57756.89,251.0,0,Angola,2016-02-29 12:31:57,0,Africa
75.83,24,58019.64,162.44,0,Nauru,2016-01-17 15:10:31,0,Oceania
41.28,50,50960.08,140.39,0,Equatorial Guinea,2016-01-29 03:54:19,1,Africa
34.66,32,48246.6,194.83,0,Mongolia,2016-07-14 12:07:10,1,Asia
66.18,55,28271.84,143.42,0,Svalbard & Jan Mayen Islands,2016-01-10 23:14:30,1,Europe
86.06,31,53767.12,219.72,1,Timor-Leste,2016-04-28 18:34:56,0,Asia
59.59,42,43662.1,104.78,1,Brazil,2016-07-06 18:36:01,1,South America
86.69,34,62238.58,198.56,0,Chad,2016-05-27 06:19:27,0,Africa
43.77,52,49030.03,138.55,1,Portugal,2016-01-25 07:39:41,1,Europe
71.84,47,76003.47,199.79,1,Malawi,2016-05-08 22:47:18,0,Africa
80.23,31,68094.85,196.23,0,Qatar,2016-03-19 14:23:45,0,Asia
74.41,26,64395.85,163.05,0,Singapore,2016-07-23 04:37:05,0,Asia
63.36,48,70053.27,137.43,0,Guinea,2016-06-23 01:22:43,1,Africa
71.74,35,72423.97,227.56,0,Kazakhstan,2016-07-19 18:06:22,0,Asia
60.72,44,42995.8,105.69,0,Kuwait,2016-02-28 18:52:44,1,Asia
72.04,22,60309.58,199.43,0,Rwanda,2016-02-10 06:52:07,0,Africa
44.57,31,38349.78,133.17,1,China,2016-03-27 09:11:10,1,Asia
85.86,34,63115.34,208.23,0,Bouvet Island (Bouvetoya),2016-05-23 02:15:04,0,Antarctica
39.85,38,31343.39,145.96,0,Vietnam,2016-01-03 03:22:15,1,Asia
84.53,27,40763.13,168.34,0,Guatemala,2016-01-04 21:48:38,1,North America
62.95,60,36752.24,157.04,0,Peru,2016-05-24 13:30:38,1,South America
67.58,41,65044.59,255.61,1,Mayotte,2016-02-01 19:42:40,0,Africa
85.56,29,53673.08,210.46,0,Samoa,2016-06-05 13:16:24,0,Oceania
46.88,54,43444.86,136.64,0,Singapore,2016-02-04 08:53:37,1,Asia
46.31,57,44248.52,153.98,1,Jamaica,2016-03-24 13:37:53,1,North America
77.95,31,62572.88,233.65,1,Bahamas,2016-06-02 21:02:22,0,North America
84.73,30,39840.55,153.76,0,Canada,2016-02-21 07:42:48,1,North America
39.86,36,32593.59,145.85,0,Algeria,2016-06-26 17:16:26,1,Africa
50.08,30,41629.86,123.91,0,Fiji,2016-01-03 05:34:33,1,Oceania
60.23,35,43313.73,106.86,0,Kenya,2016-03-08 18:00:43,1,Africa
60.7,49,42993.48,110.57,1,Argentina,2016-06-19 03:19:44,1,South America
43.67,53,46004.31,143.79,1,Bouvet Island (Bouvetoya),2016-07-21 21:16:35,1,Antarctica
77.2,33,49325.48,254.05,1,Philippines,2016-02-12 20:36:40,0,Asia
71.86,32,51633.34,116.53,0,Senegal,2016-05-17 06:14:20,1,Africa
44.78,45,63363.04,137.24,1,Suriname,2016-07-09 11:04:54,1,South America
78.57,36,64045.93,239.32,1,Liberia,2016-03-27 02:35:29,0,Africa
73.41,31,73049.3,201.26,1,Guam,2016-01-16 08:01:40,0,Oceania
77.05,27,66624.6,191.14,0,United Arab Emirates,2016-01-21 23:48:29,0,Asia
66.4,40,77567.85,214.42,0,Antigua and Barbuda,2016-06-05 00:29:13,0,North America
69.35,29,53431.35,252.77,1,Argentina,2016-02-13 15:37:36,0,South America
35.65,40,31265.75,172.58,1,Georgia,2016-05-10 07:22:37,1,Europe
70.04,31,74780.74,183.85,1,Jordan,2016-03-27 03:59:26,0,Asia
69.78,29,70410.11,218.79,0,Saudi Arabia,2016-05-24 18:35:58,0,Asia
58.22,29,37345.24,120.9,0,South Africa,2016-02-11 02:40:02,1,Africa
76.9,28,66107.84,212.67,0,Croatia,2016-04-22 08:31:24,0,Europe
84.08,30,62336.39,187.36,1,Fiji,2016-01-13 02:58:27,0,Oceania
59.51,58,39132.64,140.83,0,Australia,2016-06-16 02:01:24,1,Oceania
40.15,38,38745.29,134.88,1,Sao Tome and Principe,2016-06-27 18:37:04,1,Africa
76.81,28,65172.22,217.85,1,Fiji,2016-07-03 12:57:03,0,Oceania
41.89,38,68519.96,163.38,0,Cyprus,2016-02-03 04:21:14,1,Europe
76.87,27,54774.77,235.35,1,Kyrgyz Republic,2016-05-29 21:17:10,0,Asia
67.28,43,76246.96,155.8,1,Pakistan,2016-04-03 21:13:46,1,Asia
81.98,40,65461.92,229.22,0,Seychelles,2016-04-15 11:51:14,0,Africa
66.01,23,34127.21,151.95,0,Samoa,2016-06-21 03:14:41,1,Oceania
61.57,53,35253.98,125.94,1,Bulgaria,2016-03-14 14:13:05,1,Europe
53.3,34,44893.71,111.94,0,Mauritania,2016-05-06 21:07:31,1,Africa
34.87,40,59621.02,200.23,0,Czech Republic,2016-06-12 17:52:43,1,Europe
43.6,38,20856.54,170.49,0,Chile,2016-01-11 07:36:22,1,South America
77.88,37,55353.41,254.57,0,Poland,2016-07-02 00:24:22,0,Europe
75.83,27,67516.07,200.59,0,Estonia,2016-03-04 10:13:48,0,Europe
49.95,39,68737.75,136.59,0,Turkmenistan,2016-03-24 09:12:52,1,Asia
60.94,41,76893.84,154.97,0,Latvia,2016-02-14 07:30:24,1,Europe
89.15,42,59886.58,171.07,0,Fiji,2016-04-25 07:30:21,0,Oceania
78.7,30,53441.69,133.99,0,Turkey,2016-02-10 19:20:51,1,Asia
57.35,29,41356.31,119.84,0,Kazakhstan,2016-04-23 14:34:38,1,Asia
34.86,38,49942.66,154.75,0,Bahrain,2016-06-18 17:56:32,1,Asia
70.68,31,74430.08,199.08,0,Colombia,2016-07-17 01:58:53,0,South America
76.06,23,58633.63,201.04,0,Brunei Darussalam,2016-04-27 04:28:17,0,Asia
66.67,33,72707.87,228.03,1,Taiwan,2016-04-21 20:29:35,0,Asia
46.77,32,31092.93,136.4,1,Serbia,2016-03-23 06:00:15,1,Europe
62.42,38,74445.18,143.94,0,Saint Pierre and Miquelon,2016-07-19 07:59:18,1,North America
78.32,28,49309.14,239.52,0,Australia,2016-06-26 11:52:18,1,Oceania
37.32,50,56735.14,199.25,1,Chad,2016-03-30 23:40:52,1,Africa
40.42,45,40183.75,133.9,1,Norway,2016-03-16 07:59:37,1,Europe
76.77,36,58348.41,123.51,0,Turks and Caicos Islands,2016-05-04 00:01:33,1,North America
65.65,30,72209.99,158.05,0,Finland,2016-07-02 21:22:23,0,Europe
74.32,33,62060.11,128.17,0,South Africa,2016-05-23 21:14:38,1,Africa
73.27,32,67113.46,234.75,1,Martinique,2016-01-29 20:16:54,0,North America
80.03,44,24030.06,150.84,0,Afghanistan,2016-07-23 14:47:23,1,Asia
53.68,47,56180.93,115.26,1,Micronesia,2016-02-16 09:11:27,1,Oceania
85.84,32,62204.93,192.85,1,French Southern Territories,2016-06-09 21:43:05,0,Antarctica
85.03,30,60372.64,204.52,0,Philippines,2016-06-19 09:24:35,0,Asia
70.44,24,65280.16,178.75,1,Algeria,2016-06-06 21:26:51,0,Africa
81.22,53,34309.24,223.09,1,San Marino,2016-01-07 13:25:21,0,Europe
39.96,45,59610.81,146.13,1,Guernsey,2016-04-15 06:08:35,1,Europe
57.05,41,50278.89,269.96,1,Sierra Leone,2016-01-09 03:45:19,1,Africa
42.44,56,43450.11,168.27,0,Tajikistan,2016-02-10 15:23:17,1,Asia
62.2,25,25408.21,161.16,0,Liechtenstein,2016-04-24 13:42:15,1,Europe
76.7,36,71136.49,222.25,0,Ecuador,2016-06-12 05:31:19,0,South America
61.22,45,63883.81,119.03,1,Switzerland,2016-01-05 09:42:22,1,Europe
84.54,33,64902.47,204.02,1,Moldova,2016-03-02 10:07:43,0,Europe
46.08,30,66784.81,164.63,1,Finland,2016-07-21 10:54:35,1,Europe
56.7,48,62784.85,123.13,0,France,2016-01-09 04:53:22,1,Europe
81.03,28,63727.5,201.15,0,Venezuela,2016-01-06 13:20:01,0,South America
80.91,32,61608.23,231.42,0,Cuba,2016-01-31 04:10:20,0,North America
40.06,38,56782.18,138.68,1,Peru,2016-06-11 08:38:16,1,South America
83.47,39,64447.77,226.11,0,Turkey,2016-05-15 20:48:40,0,Asia
73.84,31,42042.95,121.05,0,Albania,2016-06-18 17:23:26,1,Europe
74.65,28,67669.06,212.56,0,French Southern Territories,2016-03-17 05:00:12,0,Antarctica
60.25,35,54875.95,109.77,0,Papua New Guinea,2016-06-29 13:35:05,1,Oceania
59.21,35,73347.67,144.62,1,Liechtenstein,2016-02-02 08:55:26,1,Europe
43.02,44,50199.77,125.22,0,Thailand,2016-04-13 05:42:52,1,Asia
84.04,38,50723.67,244.55,0,Malaysia,2016-07-20 09:27:24,0,Asia
70.66,43,63450.96,120.95,1,Mauritius,2016-02-26 04:57:14,1,Africa
70.58,26,56694.12,136.94,0,Algeria,2016-02-26 09:18:48,1,Africa
72.44,34,70547.16,230.14,0,Christmas Island,2016-04-15 14:45:48,0,Asia
40.17,26,47391.95,171.31,1,Japan,2016-02-01 14:37:34,1,Asia
79.15,26,62312.23,203.23,0,Greenland,2016-01-20 19:09:37,0,North America
44.49,53,63100.13,168.0,1,Sao Tome and Principe,2016-04-23 06:28:43,1,Africa
73.04,37,73687.5,221.79,1,Senegal,2016-06-19 22:26:16,0,Africa
76.28,33,52686.47,254.34,0,Guadeloupe,2016-02-15 07:55:10,0,North America
68.88,37,78119.5,179.58,0,Belgium,2016-02-09 19:37:52,0,Europe
73.1,28,57014.84,242.37,0,Israel,2016-01-25 07:52:53,0,Asia
47.66,29,27086.4,156.54,0,Honduras,2016-07-18 11:33:31,1,North America
87.3,35,58337.18,216.87,0,Estonia,2016-01-09 07:28:16,0,Europe
89.34,32,50216.01,177.78,1,Paraguay,2016-03-21 21:15:54,0,South America
81.37,26,53049.44,156.48,1,Kyrgyz Republic,2016-02-15 12:25:28,0,Asia
81.67,28,62927.96,196.76,1,Mauritania,2016-03-04 08:48:29,0,Africa
46.37,52,32847.53,144.27,0,French Guiana,2016-01-05 00:02:53,1,South America
54.88,24,32006.82,148.61,0,Northern Mariana Islands,2016-05-15 01:03:06,1,Oceania
40.67,35,48913.07,133.18,0,Lebanon,2016-05-05 09:28:36,1,Asia
71.76,35,69285.69,237.39,0,Saint Pierre and Miquelon,2016-05-26 13:18:30,0,North America
47.51,51,53700.57,130.41,1,American Samoa,2016-05-21 01:36:16,1,Oceania
75.15,22,52011.0,212.87,1,Austria,2016-05-04 12:06:18,0,Europe
56.01,26,46339.25,127.26,0,Tonga,2016-07-05 18:59:45,1,Oceania
82.87,37,67938.77,213.36,0,Tonga,2016-06-28 20:13:41,0,Oceania
45.05,42,66348.95,141.36,0,French Southern Territories,2016-05-05 11:09:29,1,Antarctica
60.53,24,66873.9,167.22,0,Serbia,2016-03-25 15:17:39,1,Europe
50.52,31,72270.88,171.62,0,New Caledonia,2016-01-23 15:02:13,1,Oceania
84.71,32,61610.05,210.23,0,Taiwan,2016-05-29 07:29:27,0,Asia
55.2,39,76560.59,159.46,1,United States of America,2016-05-30 07:36:31,1,North America
81.61,33,62667.51,228.76,0,Morocco,2016-04-17 15:46:03,0,Africa
71.55,36,75687.46,163.99,1,Suriname,2016-07-20 23:08:28,0,South America
82.4,36,66744.65,218.97,1,Macedonia,2016-06-29 03:07:51,0,Europe
73.95,35,67714.82,238.58,0,Wallis and Futuna,2016-04-10 14:48:35,0,Oceania
72.07,31,69710.51,226.45,0,Chile,2016-04-16 16:38:35,0,South America
80.39,31,66269.49,214.74,0,Gabon,2016-05-03 08:21:23,0,Africa
65.8,25,60843.32,231.49,1,Gabon,2016-03-18 16:04:59,0,Africa
69.97,28,55041.6,250.0,0,Holy See (Vatican City State),2016-05-22 00:01:58,0,Europe
52.62,50,73863.25,176.52,0,Seychelles,2016-02-01 20:30:35,1,Africa
39.25,39,62378.05,152.36,0,Mayotte,2016-01-23 17:39:06,1,Africa
77.56,38,63336.85,130.83,1,Uganda,2016-05-19 03:52:24,1,Africa
33.52,43,42191.61,165.56,0,Cambodia,2016-05-09 21:54:38,1,Asia
79.81,24,56194.56,178.85,1,Antigua and Barbuda,2016-05-31 11:44:45,1,North America
84.79,33,61771.9,214.53,0,Cameroon,2016-03-30 19:09:50,0,Africa
82.7,35,61383.79,231.07,0,Somalia,2016-01-09 15:49:28,0,Africa
84.88,32,63924.82,186.48,0,Lebanon,2016-04-18 03:41:56,0,Asia
54.92,54,23975.35,161.16,0,Saint Pierre and Miquelon,2016-06-13 13:59:51,1,North America
76.56,34,70179.11,221.53,1,Dominica,2016-04-23 08:15:31,0,North America
69.74,49,66524.8,243.37,0,Hungary,2016-03-27 16:41:29,0,Europe
75.55,22,41851.38,169.4,0,Taiwan,2016-02-19 07:29:30,1,Asia
72.19,33,61275.18,250.35,1,Saint Lucia,2016-05-19 11:16:59,0,North America
84.29,41,60638.38,232.54,0,Niue,2016-01-27 20:47:57,0,Oceania
73.89,39,47160.53,110.68,0,France,2016-04-20 00:41:53,1,Europe
75.84,21,48537.18,186.98,0,Cyprus,2016-02-07 07:41:06,0,Europe
73.38,25,53058.91,236.19,1,French Southern Territories,2016-04-21 09:30:35,0,Antarctica
80.72,31,68614.98,186.37,0,Costa Rica,2016-04-19 05:15:28,0,North America
62.06,44,44174.25,105.0,0,Austria,2016-04-12 14:01:08,1,Europe
51.5,34,67050.16,135.31,0,Zambia,2016-03-15 11:25:48,1,Africa
90.97,37,54520.14,180.77,0,Congo,2016-02-16 18:21:36,0,Africa
86.78,30,54952.42,170.13,1,United States of America,2016-02-18 23:08:59,0,North America
66.18,35,69476.42,243.61,0,Pitcairn Islands,2016-03-25 08:40:15,0,Oceania
84.33,41,54989.93,240.95,0,Belize,2016-03-16 00:28:10,0,North America
36.87,36,29398.61,195.91,0,Anguilla,2016-01-28 11:50:40,1,North America
34.78,48,42861.42,208.21,1,South Africa,2016-03-24 02:01:55,1,Africa
76.84,32,65883.39,231.59,0,Singapore,2016-03-03 22:31:16,0,Asia
67.05,25,65421.39,220.92,0,Finland,2016-02-26 09:54:33,0,Europe
41.47,31,60953.93,219.79,0,Martinique,2016-07-06 15:56:39,1,North America
80.71,26,58476.57,200.58,0,Cameroon,2016-06-24 05:50:22,0,Africa
80.09,31,66636.84,214.08,0,Sweden,2016-05-23 21:00:45,0,Europe
56.3,49,67430.96,135.24,1,New Caledonia,2016-02-03 19:12:51,1,Oceania
79.36,34,57260.41,245.78,1,Bosnia and Herzegovina,2016-04-28 22:54:37,0,Europe
86.38,40,66359.32,188.27,1,Singapore,2016-03-19 14:57:00,0,Asia
38.94,41,57587.0,142.67,1,Falkland Islands (Malvinas),2016-07-15 09:08:42,1,South America
87.26,35,63060.55,184.03,0,Bosnia and Herzegovina,2016-05-12 04:35:59,0,Europe
75.32,28,59998.5,233.6,1,Mauritius,2016-01-01 21:58:55,0,Africa
74.38,40,74024.61,220.05,1,Indonesia,2016-03-13 13:50:25,0,Asia
65.9,22,60550.66,211.39,0,Czech Republic,2016-07-16 14:13:54,0,Europe
36.31,47,57983.3,168.92,0,Eritrea,2016-04-18 00:49:33,1,Africa
72.23,48,52736.33,115.35,0,Mexico,2016-07-17 01:13:56,1,North America
88.12,38,46653.75,230.91,0,Gibraltar,2016-02-17 07:05:57,0,Europe
83.97,28,56986.73,205.5,1,Haiti,2016-06-16 02:33:22,0,North America
61.09,26,55336.18,131.68,1,Falkland Islands (Malvinas),2016-04-09 16:31:15,1,South America
65.77,21,42162.9,218.61,1,Eritrea,2016-03-18 17:35:40,0,Africa
81.58,25,39699.13,199.39,0,Hong Kong,2016-05-11 22:02:17,0,Asia
37.87,52,56394.82,188.56,1,Gambia,2016-05-25 20:10:02,1,Africa
76.2,37,75044.35,178.51,0,Barbados,2016-02-29 19:26:35,0,North America
60.91,19,53309.61,184.94,0,Nauru,2016-06-09 14:24:06,1,Oceania
74.49,28,58996.12,237.34,0,Peru,2016-01-30 16:15:29,0,South America
73.71,23,56605.12,211.38,1,El Salvador,2016-02-15 05:35:54,0,North America
78.19,30,62475.99,228.81,0,Libyan Arab Jamahiriya,2016-01-31 06:14:10,0,Africa
79.54,44,70492.6,217.68,1,Cambodia,2016-01-05 16:34:31,0,Asia
74.87,52,43698.53,126.97,0,Saint Barthelemy,2016-05-31 02:17:18,1,North America
87.09,36,57737.51,221.98,1,Reunion,2016-04-21 16:10:50,0,Africa
37.45,47,31281.01,167.86,0,Antigua and Barbuda,2016-04-10 03:30:16,1,North America
49.84,39,45800.48,111.59,0,Samoa,2016-02-09 07:21:25,1,Oceania
51.38,59,42362.49,158.56,0,Afghanistan,2016-06-17 17:11:16,1,Asia
83.4,34,66691.23,207.87,0,Azerbaijan,2016-05-22 21:54:23,0,Europe
38.91,33,56369.74,150.8,1,Philippines,2016-07-13 07:41:42,1,Asia
62.14,41,59397.89,110.93,1,Angola,2016-01-23 18:59:21,1,Africa
79.72,28,66025.11,193.8,1,Albania,2016-05-20 12:17:59,0,Europe
73.3,36,68211.35,135.72,1,Hungary,2016-01-30 04:38:41,1,Europe
69.11,42,73608.99,231.48,1,Faroe Islands,2016-04-21 12:34:28,0,Europe
71.9,54,61228.96,140.15,1,Czech Republic,2016-04-22 20:32:17,1,Europe
72.45,29,72325.91,195.36,1,Svalbard & Jan Mayen Islands,2016-01-11 06:02:27,0,Europe
77.07,40,44559.43,261.02,0,Afghanistan,2016-03-01 10:01:35,0,Asia
74.62,36,73207.15,217.79,0,Rwanda,2016-04-04 08:19:54,0,Africa
82.07,25,46722.07,205.38,1,Panama,2016-06-20 06:30:06,0,North America
58.6,50,45400.5,113.7,0,Samoa,2016-01-28 07:10:29,1,Oceania
36.08,45,41417.27,151.47,1,United States Minor Outlying Islands,2016-07-03 04:11:40,1,North America
79.44,26,60845.55,206.79,0,Greece,2016-05-15 13:18:34,0,Europe
41.73,47,60812.77,144.71,0,Cote d'Ivoire,2016-04-08 22:48:25,1,Africa
73.19,25,64267.88,203.74,1,Pakistan,2016-01-19 12:18:13,0,Asia
77.6,24,58151.87,197.33,1,Anguilla,2016-05-26 15:40:26,0,North America
89.0,37,52079.18,222.26,1,Cyprus,2016-01-26 15:56:55,0,Europe
69.2,42,26023.99,123.8,0,Peru,2016-06-17 09:58:46,1,South America
67.56,31,62318.38,125.45,0,Kenya,2016-04-25 21:15:39,1,Africa
81.11,39,56216.57,248.19,1,Chad,2016-07-13 11:41:29,0,Africa
80.22,30,61806.31,224.58,0,Kyrgyz Republic,2016-07-05 15:14:10,0,Asia
43.63,41,51662.24,123.25,1,Albania,2016-03-15 14:06:17,1,Europe
77.66,29,67080.94,168.15,0,Gabon,2016-06-19 22:08:15,0,Africa
74.63,26,51975.41,235.99,1,Dominican Republic,2016-07-05 20:16:13,0,North America
49.67,27,28019.09,153.69,0,Zimbabwe,2016-05-09 08:44:55,1,Africa
80.59,37,67744.56,224.23,0,Croatia,2016-07-21 23:14:35,0,Europe
83.49,33,66574.0,190.75,1,Cambodia,2016-06-03 17:32:47,0,Asia
44.46,42,30487.48,132.66,1,Mongolia,2016-01-15 19:40:47,1,Asia
68.1,40,74903.41,227.73,1,Honduras,2016-02-05 16:50:58,0,North America
63.88,38,19991.72,136.85,0,Madagascar,2016-02-29 23:56:06,1,Africa
78.83,36,66050.63,234.64,1,Qatar,2016-05-08 12:08:26,0,Asia
79.97,44,70449.04,216.0,0,China,2016-07-13 01:48:46,0,Asia
80.51,28,64008.55,200.28,1,Bangladesh,2016-01-08 02:34:06,0,Asia
62.26,26,70203.74,202.77,0,Swaziland,2016-06-08 12:25:49,0,Africa
66.99,47,27262.51,124.44,1,Tanzania,2016-06-15 11:56:41,1,Africa
71.05,20,49544.41,204.22,1,Eritrea,2016-06-13 22:41:45,0,Africa
42.05,51,28357.27,174.55,1,Canada,2016-06-20 14:20:52,1,North America
50.52,28,66929.03,219.69,0,Saint Kitts and Nevis,2016-04-03 06:17:22,1,North America
76.24,40,75524.78,198.32,1,Burkina Faso,2016-05-31 23:42:26,0,Africa
77.29,27,66265.34,201.24,1,Tuvalu,2016-02-15 03:43:55,0,Oceania
35.98,47,55993.68,165.52,1,El Salvador,2016-03-10 23:26:54,1,North America
84.95,34,56379.3,230.36,0,Madagascar,2016-02-26 17:01:01,0,Africa
39.34,43,31215.88,148.93,0,Bangladesh,2016-04-17 21:39:11,1,Asia
87.23,29,51015.11,202.12,0,American Samoa,2016-03-26 19:54:16,0,Oceania
57.24,52,46473.14,117.35,1,Latvia,2016-06-29 21:39:42,1,Europe
81.58,41,55479.62,248.16,0,Moldova,2016-01-27 17:55:44,0,Europe
56.34,50,68713.7,139.02,1,Anguilla,2016-03-17 23:39:28,1,North America
48.73,27,34191.23,142.04,0,Bangladesh,2016-07-09 16:23:33,1,Asia
51.68,49,51067.54,258.62,0,Faroe Islands,2016-06-28 12:51:02,1,Europe
35.34,45,46693.76,152.86,0,Taiwan,2016-06-18 16:32:58,1,Asia
48.09,33,19345.36,180.42,0,Heard Island and McDonald Islands,2016-05-28 12:38:37,1,Antarctica
78.68,29,66225.72,208.05,0,Israel,2016-01-16 16:40:30,0,Asia
68.82,20,38609.2,205.64,1,Bolivia,2016-07-11 15:45:23,0,South America
56.99,40,37713.23,108.15,0,Bahamas,2016-07-16 23:08:54,1,North America
86.63,39,63764.28,209.64,1,Costa Rica,2016-04-06 21:20:07,0,North America
41.18,43,41866.55,129.25,1,Myanmar,2016-07-05 00:54:11,1,Asia
71.03,32,57846.68,120.85,0,Netherlands Antilles,2016-02-17 23:47:00,1,North America
72.92,29,69428.73,217.1,1,Czech Republic,2016-03-15 17:33:15,0,Europe
77.14,24,60283.98,184.88,1,Iceland,2016-01-21 18:51:01,0,Europe
60.7,43,79332.33,192.6,1,Palau,2016-06-06 22:41:24,0,Oceania
34.3,41,53167.68,160.74,1,Libyan Arab Jamahiriya,2016-05-16 14:50:22,1,Africa
83.71,45,64564.07,220.48,1,Kazakhstan,2016-04-17 19:10:56,0,Asia
53.38,35,60803.37,120.06,1,French Guiana,2016-03-30 01:05:34,1,South America
58.03,31,28387.42,129.33,0,Tuvalu,2016-06-29 09:04:31,1,Oceania
43.59,36,58849.77,132.31,1,Congo,2016-05-26 13:43:05,1,Africa
60.07,42,65963.37,120.75,1,United Kingdom,2016-04-15 10:16:49,1,Europe
54.43,37,75180.2,154.74,1,Luxembourg,2016-05-31 09:06:29,1,Europe
81.99,33,61270.14,230.9,0,French Polynesia,2016-02-15 14:13:47,0,Oceania
60.53,29,56759.48,123.28,0,Papua New Guinea,2016-05-09 10:21:48,1,Oceania
84.69,31,46160.63,231.85,1,Maldives,2016-07-07 23:32:38,0,Asia
88.72,32,43870.51,211.87,1,Zambia,2016-01-03 17:10:05,0,Africa
88.89,35,50439.49,218.8,1,Cook Islands,2016-07-17 18:55:38,0,Oceania
69.58,43,28028.74,255.07,0,Congo,2016-04-04 18:36:59,1,Africa
85.23,36,64238.71,212.92,1,Senegal,2016-02-27 12:34:19,0,Africa
83.55,39,65816.38,221.18,1,Myanmar,2016-06-08 20:13:27,0,Asia
56.66,42,72684.44,139.42,0,Dominican Republic,2016-02-20 10:52:51,1,North America
56.39,27,38817.4,248.12,1,Bahrain,2016-03-23 21:06:51,0,Asia
76.24,27,63976.44,214.42,0,Puerto Rico,2016-06-07 01:29:06,0,North America
57.64,36,37212.54,110.25,1,Chile,2016-01-18 15:18:01,1,South America
78.18,23,52691.79,167.67,0,Bolivia,2016-06-09 19:32:27,0,South America
46.04,32,65499.93,147.92,0,Serbia,2016-05-30 20:07:59,1,Europe
79.4,35,63966.72,236.87,0,Malaysia,2016-04-01 09:21:14,0,Asia
36.44,39,52400.88,147.64,1,Estonia,2016-05-31 06:21:02,1,Europe
53.14,38,49111.47,109.0,1,Greenland,2016-07-03 22:13:19,1,North America
32.84,40,41232.89,171.72,0,Trinidad and Tobago,2016-03-10 01:36:19,1,North America
73.72,32,52140.04,256.4,1,Thailand,2016-03-18 02:39:26,0,Asia
38.1,34,60641.09,214.38,1,Philippines,2016-05-30 18:08:19,1,Asia
73.93,44,74180.05,218.22,0,Niue,2016-02-20 00:06:20,0,Oceania
51.87,50,51869.87,119.65,0,Afghanistan,2016-03-10 22:28:52,1,Asia
77.69,22,48852.58,169.88,1,Angola,2016-06-21 14:32:32,0,Africa
43.41,28,59144.02,160.73,0,Egypt,2016-02-05 15:26:37,1,Africa
55.92,24,33951.63,145.08,0,Fiji,2016-05-31 21:41:46,1,Oceania
80.67,34,58909.36,239.76,0,Portugal,2016-01-01 02:52:10,0,Europe
83.42,25,49850.52,183.42,1,Austria,2016-03-04 14:10:12,0,Europe
82.12,52,28679.93,201.15,1,Germany,2016-02-03 10:40:27,1,Europe
66.17,33,69869.66,238.45,0,Panama,2016-01-20 00:26:15,0,North America
43.01,35,48347.64,127.37,0,United States of America,2016-06-11 09:37:52,1,North America
80.05,25,45959.86,219.94,1,Christmas Island,2016-03-08 05:48:20,0,Asia
64.88,42,70005.51,129.8,1,Equatorial Guinea,2016-02-14 22:23:30,1,Africa
79.82,26,51512.66,223.28,1,Micronesia,2016-07-17 22:04:54,0,Oceania
48.03,40,25598.75,134.6,1,Malta,2016-06-02 22:16:08,1,Europe
32.99,45,49282.87,177.46,0,Ecuador,2016-04-30 19:42:04,1,South America
74.88,27,67240.25,175.17,1,Sudan,2016-04-17 06:58:18,0,Africa
36.49,52,42136.33,196.61,1,Lao People's Democratic Republic,2016-03-09 00:41:46,1,Asia
88.04,45,62589.84,191.17,1,Saint Vincent and the Grenadines,2016-03-07 20:02:51,0,North America
45.7,33,67384.31,151.12,1,Switzerland,2016-05-26 10:33:00,1,Europe
82.38,35,25603.93,159.6,0,Spain,2016-07-18 01:36:37,1,Europe
52.68,23,39616.0,149.2,1,Turks and Caicos Islands,2016-07-16 05:56:42,1,North America
65.59,47,28265.81,121.81,0,Indonesia,2016-03-22 06:41:38,1,Asia
65.65,25,63879.72,224.92,1,Cook Islands,2016-06-03 06:34:44,0,Oceania
43.84,36,70592.81,167.42,0,Australia,2016-06-28 09:19:06,1,Oceania
67.69,37,76408.19,216.57,0,Finland,2016-07-18 18:33:05,0,Europe
78.37,24,55015.08,207.27,0,Pakistan,2016-01-23 04:47:37,0,Asia
81.46,29,51636.12,231.54,0,Ireland,2016-02-29 11:00:06,0,Europe
47.48,31,29359.2,141.34,0,Eritrea,2016-06-30 00:19:33,1,Africa
75.15,33,71296.67,219.49,1,France,2016-06-19 18:19:38,0,Europe
78.76,24,46422.76,219.98,1,Austria,2016-01-08 08:08:47,0,Europe
44.96,50,52802.0,132.71,1,Heard Island and McDonald Islands,2016-01-02 12:25:36,1,Antarctica
39.56,41,59243.46,143.13,1,Western Sahara,2016-05-13 11:57:12,1,Africa
39.76,28,35350.55,196.83,1,Liberia,2016-02-08 14:02:22,1,Africa
57.11,22,59677.64,207.17,1,Dominican Republic,2016-06-07 23:46:51,0,North America
83.26,40,70225.6,187.76,1,Tonga,2016-01-02 14:36:03,0,Oceania
69.42,25,65791.17,213.38,0,Lao People's Democratic Republic,2016-02-13 04:16:08,0,Asia
50.6,30,34191.13,129.88,1,United States of America,2016-05-03 12:57:19,1,North America
46.2,37,51315.38,119.3,0,Belgium,2016-04-03 11:38:36,1,Europe
66.88,35,62790.96,119.47,1,Indonesia,2016-03-23 19:58:15,1,Asia
83.97,40,66291.67,158.42,1,Croatia,2016-02-02 11:49:18,0,Europe
76.56,30,68030.18,213.75,0,Brunei Darussalam,2016-03-08 10:39:16,0,Asia
35.49,48,43974.49,159.77,0,American Samoa,2016-04-08 14:35:44,1,Oceania
80.29,31,49457.48,244.87,1,Netherlands Antilles,2016-06-30 00:40:31,0,North America
50.19,40,33987.27,117.3,0,Thailand,2016-03-25 19:02:35,1,Asia
59.12,33,28210.03,124.54,0,Greece,2016-05-12 21:32:06,1,Europe
59.88,30,75535.14,193.63,1,French Polynesia,2016-03-02 05:11:01,0,Oceania
59.7,28,49158.5,120.25,0,Guernsey,2016-05-10 14:12:31,1,Europe
67.8,30,39809.69,117.75,1,Isle of Man,2016-03-03 02:59:37,1,Oceania
81.59,35,65826.53,223.16,0,Holy See (Vatican City State),2016-07-04 11:03:49,0,Europe
81.1,29,61172.07,216.49,1,El Salvador,2016-07-08 03:47:41,0,North America
41.7,39,42898.21,126.95,0,China,2016-05-27 05:35:27,1,Asia
73.94,27,68333.01,173.49,0,Myanmar,2016-02-10 13:46:35,0,Asia
58.35,37,70232.95,132.63,0,Macao,2016-06-12 21:21:53,1,Asia
51.56,46,63102.19,124.85,0,Australia,2016-01-07 13:58:51,1,Oceania
79.81,37,51847.26,253.17,0,United States Virgin Islands,2016-05-13 14:12:39,0,North America
66.17,26,63580.22,228.7,0,Mexico,2016-05-02 00:01:56,0,North America
58.21,37,47575.44,105.94,0,Djibouti,2016-02-07 17:06:35,1,Africa
66.12,49,39031.89,113.8,0,Cote d'Ivoire,2016-02-15 07:27:41,1,Africa
80.47,42,70505.06,215.18,1,Mali,2016-02-21 05:23:28,0,Africa
77.05,31,62161.26,236.64,0,Jamaica,2016-03-20 22:27:25,0,North America
49.99,41,61068.26,121.07,0,Romania,2016-03-24 09:34:00,1,Europe
80.3,58,49090.51,173.43,0,Cayman Islands,2016-04-04 20:01:12,1,North America
79.36,33,62330.75,234.72,1,Gambia,2016-01-02 04:50:44,0,Africa
57.86,30,18819.34,166.86,0,Algeria,2016-07-08 17:14:01,1,Africa
70.29,26,62053.37,231.37,1,Puerto Rico,2016-03-28 19:48:37,0,North America
84.53,33,61922.06,215.18,1,Norfolk Island,2016-07-11 09:32:53,0,Oceania
59.13,44,49525.37,106.04,1,Turkey,2016-06-09 17:11:02,1,Asia
81.51,41,53412.32,250.03,0,Guinea,2016-05-19 09:30:12,0,Africa
42.94,37,56681.65,130.4,1,Moldova,2016-04-12 12:35:39,1,Europe
84.81,32,43299.63,233.93,1,Greece,2016-07-04 23:17:47,0,Europe
82.79,34,47997.75,132.08,0,American Samoa,2016-02-01 00:52:29,1,Oceania
59.22,55,39131.53,126.39,1,Honduras,2016-01-13 02:39:00,1,North America
35.0,40,46033.73,151.25,1,Mongolia,2016-06-18 16:02:34,1,Asia
46.61,42,65856.74,136.18,0,Ethiopia,2016-01-01 20:17:49,1,Africa
63.26,29,54787.37,120.46,1,Ethiopia,2016-03-02 04:02:45,1,Africa
79.16,32,69562.46,202.9,1,Sri Lanka,2016-03-30 20:23:48,0,Asia
67.94,43,68447.17,128.16,0,Morocco,2016-05-01 00:23:13,1,Africa
79.91,32,62772.42,230.18,1,United Arab Emirates,2016-06-17 03:02:55,0,Asia
66.14,41,78092.95,165.27,0,Western Sahara,2016-03-23 08:52:31,0,Africa
43.65,39,63649.04,138.87,0,Western Sahara,2016-05-08 22:24:27,1,Africa
59.61,21,60637.62,198.45,1,Cambodia,2016-04-06 05:55:43,0,Asia
46.61,52,27241.11,156.99,0,New Zealand,2016-04-05 05:54:15,1,Oceania
89.37,34,42760.22,162.03,1,Australia,2016-04-16 12:26:31,0,Oceania
65.1,49,59457.52,118.1,1,Bulgaria,2016-06-01 03:44:42,1,Europe
53.44,42,42907.89,108.17,1,Libyan Arab Jamahiriya,2016-04-04 22:00:15,1,Africa
79.53,51,46132.18,244.91,0,Barbados,2016-06-26 04:22:26,0,North America
91.43,39,46964.11,209.91,1,French Polynesia,2016-07-07 03:55:01,0,Oceania
73.57,30,70377.23,212.38,0,Uruguay,2016-03-20 08:22:50,0,South America
78.76,32,70012.83,208.02,1,Uruguay,2016-04-20 10:04:29,0,South America
76.49,23,56457.01,181.11,0,Brazil,2016-03-25 05:05:27,0,South America
61.72,26,67279.06,218.49,0,Venezuela,2016-02-14 07:15:37,0,South America
84.53,35,54773.99,236.29,0,Myanmar,2016-03-26 00:32:02,0,Asia
72.03,34,70783.94,230.95,1,Malta,2016-07-05 22:33:48,0,Europe
77.47,36,70510.59,222.91,1,Jamaica,2016-03-14 03:29:12,0,North America
75.65,39,64021.55,247.9,1,Bahrain,2016-05-30 02:34:25,0,Asia
78.15,33,72042.85,194.37,0,Algeria,2016-03-07 22:32:15,0,Africa
63.8,38,36037.33,108.7,1,Tuvalu,2016-03-19 00:27:58,1,Oceania
76.59,29,67526.92,211.64,0,Georgia,2016-06-18 05:17:33,0,Europe
42.6,55,55121.65,168.29,0,Cambodia,2016-07-11 18:12:43,1,Asia
78.77,28,63497.62,211.83,0,Guam,2016-01-01 08:27:06,0,Oceania
83.4,39,60879.48,235.01,0,Tanzania,2016-04-07 01:57:38,0,Africa
79.53,33,61467.33,236.72,0,Indonesia,2016-02-28 22:02:14,0,Asia
73.89,35,70495.64,229.99,1,Somalia,2016-06-26 17:25:55,0,Africa
75.8,36,71222.4,224.9,0,Belize,2016-01-21 04:30:43,0,North America
81.95,31,64698.58,208.76,1,Serbia,2016-05-01 21:46:37,0,Europe
56.39,58,32252.38,154.23,0,Australia,2016-02-14 10:06:49,1,Oceania
44.73,35,55316.97,127.56,1,Guam,2016-01-27 18:25:42,1,Oceania
38.35,33,47447.89,145.48,1,Christmas Island,2016-06-16 20:24:33,1,Asia
72.53,37,73474.82,223.93,0,Papua New Guinea,2016-07-21 10:01:50,0,Oceania
56.2,49,53549.94,114.85,1,Bahamas,2016-04-21 18:31:27,1,North America
79.67,28,58576.12,226.79,0,Comoros,2016-07-20 01:56:33,0,Africa
75.42,26,63373.7,164.25,1,Western Sahara,2016-02-26 17:14:14,0,Africa
78.64,31,60283.47,235.28,1,Nicaragua,2016-01-16 17:56:05,0,North America
67.69,44,37345.34,109.22,0,Guam,2016-04-01 01:57:12,1,Oceania
38.35,41,34886.01,144.69,1,Vanuatu,2016-06-24 08:42:20,1,Oceania
59.52,44,67511.86,251.08,1,Bolivia,2016-05-27 18:45:35,0,South America
62.26,37,77988.71,166.19,0,Malawi,2016-05-26 15:40:12,0,Africa
64.75,36,63001.03,117.66,0,Venezuela,2016-04-06 01:19:08,1,South America
79.97,26,61747.98,185.45,1,Nepal,2016-01-08 19:38:45,0,Asia
47.9,42,48467.68,114.53,0,United Kingdom,2016-02-24 19:08:11,1,Europe
80.38,30,55130.96,238.06,0,Albania,2016-03-10 07:07:31,0,Europe
64.51,42,79484.8,190.71,1,Madagascar,2016-04-29 07:49:01,0,Africa
71.28,37,67307.43,246.72,1,Guyana,2016-04-10 16:08:09,0,South America
50.32,40,27964.6,125.65,0,Yemen,2016-04-27 18:25:30,1,Asia
72.76,33,66431.87,240.63,1,India,2016-05-10 04:28:55,0,Asia
72.8,35,63551.67,249.54,0,Puerto Rico,2016-01-03 23:21:26,0,North America
74.59,23,40135.06,158.35,1,United States Virgin Islands,2016-02-15 16:52:04,1,North America
46.66,45,49101.67,118.16,0,Antigua and Barbuda,2016-03-09 02:07:17,1,North America
48.86,54,53188.69,134.46,0,French Guiana,2016-01-09 17:33:03,1,South America
37.05,39,49742.83,142.81,1,Antigua and Barbuda,2016-02-03 05:47:09,1,North America
81.21,36,63394.41,233.04,0,Turkmenistan,2016-01-02 09:30:11,0,Asia
66.89,23,64433.99,208.24,1,Honduras,2016-01-04 07:28:43,0,North America
68.11,38,73884.48,231.21,0,Seychelles,2016-01-07 21:21:50,0,Africa
69.15,46,36424.94,112.72,0,Cyprus,2016-07-24 00:22:16,1,Europe
65.72,36,28275.48,120.12,0,Saint Pierre and Miquelon,2016-02-13 13:57:53,1,North America
40.04,27,48098.86,161.58,0,Poland,2016-05-08 10:25:08,1,Europe
68.6,33,68448.94,135.08,0,Taiwan,2016-02-17 18:50:57,1,Asia
56.16,25,66429.84,164.25,1,Cote d'Ivoire,2016-01-22 19:43:53,1,Africa
78.6,46,41768.13,254.59,1,Micronesia,2016-07-20 13:21:37,0,Oceania
78.29,38,57844.96,252.07,0,Liberia,2016-01-05 20:58:42,0,Africa
43.83,45,35684.82,129.01,0,Saudi Arabia,2016-01-29 05:39:16,1,Asia
77.31,32,62792.43,238.1,0,Nepal,2016-06-17 20:18:27,0,Asia
39.86,28,51171.23,161.24,0,Ghana,2016-02-23 13:55:48,1,Africa
66.77,25,58847.07,141.13,0,Iran,2016-07-09 11:18:02,1,Asia
57.2,42,57739.03,110.66,0,New Zealand,2016-03-19 11:09:36,1,Oceania
73.15,25,64631.22,211.12,1,Libyan Arab Jamahiriya,2016-01-29 07:14:04,0,Africa
82.07,24,50337.93,193.97,0,Sri Lanka,2016-06-14 07:02:09,0,Asia
49.84,38,67781.31,135.24,1,United Arab Emirates,2016-05-18 03:19:03,1,Asia
43.97,36,68863.95,156.97,1,Indonesia,2016-01-30 09:54:03,1,Asia
77.25,27,55901.12,231.38,1,Saint Vincent and the Grenadines,2016-04-25 16:58:50,0,North America
74.84,37,64775.1,246.44,1,Mongolia,2016-01-14 16:30:38,0,Asia
83.53,36,67686.16,204.56,0,Honduras,2016-07-06 05:34:52,0,North America
38.63,48,57777.11,222.11,0,Papua New Guinea,2016-04-07 10:51:05,1,Oceania
84.0,48,46868.53,136.21,1,Kyrgyz Republic,2016-04-17 05:08:52,1,Asia
52.13,50,40926.93,118.27,1,Ethiopia,2016-01-28 17:03:54,1,Africa
71.83,40,22205.74,135.48,1,Rwanda,2016-02-18 22:42:33,1,Africa
78.36,24,58920.44,196.77,1,Kyrgyz Republic,2016-06-24 21:09:58,0,Asia
50.18,35,63006.14,127.82,1,Grenada,2016-06-20 04:24:41,1,North America
64.67,51,24316.61,138.35,1,Togo,2016-02-14 16:33:29,1,Africa
69.5,26,68348.99,203.84,0,Pakistan,2016-02-27 13:51:44,0,Asia
65.22,30,66263.37,240.09,1,Falkland Islands (Malvinas),2016-05-07 15:16:07,0,South America
62.06,40,63493.6,116.27,1,Jersey,2016-03-16 20:10:53,1,Europe
84.29,30,56984.09,160.33,1,Cayman Islands,2016-06-26 02:06:59,1,North America
32.91,37,51691.55,181.02,0,South Africa,2016-07-17 14:26:04,1,Africa
39.5,31,49911.25,148.19,1,Micronesia,2016-01-28 16:42:36,1,Oceania
75.19,31,33502.57,245.76,1,Tajikistan,2016-06-16 18:04:51,0,Asia
76.21,31,65834.97,228.94,1,Bolivia,2016-06-19 23:21:38,0,South America
67.76,31,66176.97,242.59,0,Cameroon,2016-05-24 17:42:58,0,Africa
40.01,53,51463.17,161.77,0,Ecuador,2016-03-01 22:06:37,1,South America
52.7,41,41059.64,109.34,1,Zambia,2016-01-31 08:50:38,1,Africa
68.41,38,61428.18,259.76,0,Guinea-Bissau,2016-04-30 15:27:22,0,Africa
35.55,39,51593.46,151.18,0,Micronesia,2016-01-13 20:38:35,1,Oceania
74.54,24,57518.73,219.75,0,Bahamas,2016-03-30 16:15:59,0,North America
81.75,24,52656.13,190.08,1,Cape Verde,2016-04-29 18:53:43,0,Africa
87.85,31,52178.98,210.27,1,French Polynesia,2016-06-14 19:48:34,0,Oceania
60.23,60,46239.14,151.54,1,Saudi Arabia,2016-07-15 15:43:36,1,Asia
87.97,35,48918.55,149.25,1,France,2016-03-24 05:38:01,0,Europe
78.17,27,65227.79,192.27,1,Burundi,2016-04-26 20:57:48,0,Africa
67.91,23,55002.05,146.8,1,Latvia,2016-01-12 03:28:31,1,Europe
85.77,27,52261.73,191.78,1,Morocco,2016-04-09 23:26:42,0,Africa
41.16,49,59448.44,150.83,1,Venezuela,2016-03-28 09:15:58,1,South America
53.54,39,47314.45,108.03,0,Palau,2016-06-23 11:05:01,1,Oceania
73.94,26,55411.06,236.15,1,Isle of Man,2016-01-24 01:53:14,0,Oceania
63.43,29,66504.16,236.75,1,Peru,2016-04-15 10:18:55,0,South America
84.59,36,47169.14,241.8,1,Belgium,2016-04-26 13:13:20,0,Europe
70.13,31,70889.68,224.98,0,Croatia,2016-05-16 23:21:06,0,Europe
40.19,37,55358.88,136.99,0,France,2016-01-18 02:51:13,1,Europe
58.95,55,56242.7,131.29,1,Slovenia,2016-06-20 08:34:46,1,Europe
35.76,51,45522.44,195.07,0,Peru,2016-07-18 04:53:22,1,South America
59.36,49,46931.03,110.84,0,Belarus,2016-07-01 01:12:04,1,Europe
91.1,40,55499.69,198.13,1,Bolivia,2016-03-07 22:51:00,0,South America
61.04,41,75805.12,149.21,0,Benin,2016-05-02 15:31:28,1,Africa
74.06,23,40345.49,225.99,0,Wallis and Futuna,2016-07-23 06:18:51,0,Oceania
64.63,45,15598.29,158.8,1,Azerbaijan,2016-06-12 03:11:04,1,Europe
81.29,28,33239.2,219.72,0,Mongolia,2016-02-15 20:41:05,0,Asia
76.07,36,68033.54,235.56,0,Denmark,2016-01-23 01:42:28,0,Europe
75.92,22,38427.66,182.65,0,Russian Federation,2016-02-26 01:18:44,0,Asia
78.35,46,53185.34,253.48,0,Brazil,2016-01-11 02:07:14,0,South America
46.14,28,39723.97,137.97,1,Ethiopia,2016-04-04 13:56:14,1,Africa
44.33,41,43386.07,120.63,0,Guyana,2016-01-14 09:27:59,1,South America
46.43,28,53922.43,137.2,1,Ethiopia,2016-04-25 03:18:45,1,Africa
66.04,27,71881.84,199.76,0,Mauritius,2016-03-05 23:02:11,0,Africa
84.31,29,47139.21,225.87,0,Djibouti,2016-01-06 21:43:22,0,Africa
83.66,38,68877.02,175.14,0,Syrian Arab Republic,2016-02-18 03:58:36,0,Africa
81.25,33,65186.58,222.35,1,Saint Martin,2016-04-16 14:15:55,0,North America
85.26,32,55424.24,224.07,1,Netherlands Antilles,2016-02-24 06:18:11,0,North America
86.53,46,46500.11,233.36,0,Greece,2016-06-29 01:19:21,0,Europe
76.44,26,58820.16,224.2,1,Madagascar,2016-01-05 06:34:20,0,Africa
52.84,43,28495.21,122.31,0,Senegal,2016-07-16 10:14:04,1,Africa
85.24,31,61840.26,182.84,1,Burkina Faso,2016-06-17 03:23:13,0,Africa
74.71,46,37908.29,258.06,1,Czech Republic,2016-06-13 11:06:40,0,Europe
82.95,39,69805.7,201.29,0,Lao People's Democratic Republic,2016-04-05 08:18:45,0,Asia
76.42,26,60315.19,223.16,1,Netherlands Antilles,2016-04-17 18:38:14,0,North America
42.04,49,67323.0,182.11,0,Qatar,2016-02-03 16:54:33,1,Asia
46.28,26,50055.33,228.78,1,Andorra,2016-04-18 21:07:28,1,Europe
48.26,50,43573.66,122.45,1,Liechtenstein,2016-06-18 22:31:22,1,Europe
71.03,55,28186.65,150.77,0,China,2016-03-12 07:18:36,1,Asia
81.37,33,66412.04,215.04,0,Vietnam,2016-01-15 01:20:05,0,Asia
58.05,32,15879.1,195.54,1,Tajikistan,2016-02-12 10:39:10,1,Asia
75.0,29,63965.16,230.36,1,Eritrea,2016-02-16 02:29:03,0,Africa
79.61,31,58342.63,235.97,0,Monaco,2016-04-04 21:23:13,0,Europe
52.56,31,33147.19,250.36,1,Israel,2016-04-24 01:48:21,1,Asia
62.18,33,65899.68,126.44,0,Hungary,2016-05-20 00:00:48,1,Europe
77.89,26,64188.5,201.54,0,Singapore,2016-05-15 03:10:50,0,Asia
66.08,61,58966.22,184.23,1,Cuba,2016-01-07 23:02:43,1,North America
89.21,33,44078.24,210.53,0,Reunion,2016-07-19 12:05:58,0,Africa
49.96,55,60968.62,151.94,1,Zambia,2016-04-04 00:02:20,1,Africa
77.44,28,65620.25,210.39,0,Gabon,2016-06-10 04:21:57,0,Africa
82.58,38,65496.78,225.23,1,Dominica,2016-03-11 14:50:56,0,North America
39.36,29,52462.04,161.79,1,Bahamas,2016-01-14 20:58:10,1,North America
47.23,38,70582.55,149.8,1,Tokelau,2016-06-22 05:22:58,1,Oceania
87.85,34,51816.27,153.01,0,Turkmenistan,2016-03-19 08:00:58,0,Asia
65.57,46,23410.75,130.86,0,Belgium,2016-04-15 15:07:17,1,Europe
78.01,26,62729.4,200.71,1,French Guiana,2016-03-28 02:29:19,0,South America
44.15,28,48867.67,141.96,1,Martinique,2016-01-22 15:03:25,1,North America
43.57,36,50971.73,125.2,1,French Polynesia,2016-06-25 17:33:35,1,Oceania
76.83,28,67990.84,192.81,0,Ecuador,2016-03-04 14:33:38,0,South America
42.06,34,43241.19,131.55,0,Puerto Rico,2016-06-29 02:48:44,1,North America
76.27,27,60082.66,226.69,1,United Arab Emirates,2016-06-18 01:42:37,0,Asia
74.27,37,65180.97,247.05,1,Burkina Faso,2016-01-31 09:57:34,0,Africa
73.27,28,67301.39,216.24,1,Luxembourg,2016-05-22 15:17:25,0,Europe
74.58,36,70701.31,230.52,0,Jamaica,2016-07-22 11:05:10,0,North America
77.5,28,60997.84,225.34,1,Antarctica (the territory South of 60 deg S),2016-07-13 14:05:22,0,Antarctica
87.16,33,60805.93,197.15,0,China,2016-02-11 11:50:26,0,Asia
87.16,37,50711.68,231.95,1,Western Sahara,2016-03-16 20:33:10,0,Africa
66.26,47,14548.06,179.04,1,Lebanon,2016-04-25 19:31:39,1,Asia
65.15,29,41335.84,117.3,0,Hong Kong,2016-07-14 22:43:29,1,Asia
68.25,33,76480.16,198.86,1,Vanuatu,2016-05-30 08:02:35,0,Oceania
73.49,38,67132.46,244.23,0,Vanuatu,2016-02-14 11:36:08,0,Oceania
39.19,54,52581.16,173.05,0,Guatemala,2016-01-23 21:15:57,1,North America
80.15,25,55195.61,214.49,0,Greenland,2016-07-18 02:51:19,0,North America
86.76,28,48679.54,189.91,0,Syrian Arab Republic,2016-02-10 08:21:13,0,Africa
73.88,29,63109.74,233.61,0,Saint Helena,2016-01-04 06:37:15,0,Africa
58.6,19,44490.09,197.93,1,Lebanon,2016-06-05 21:38:22,0,Asia
69.77,54,57667.99,132.27,0,Malta,2016-06-01 03:17:50,1,Europe
87.27,30,51824.01,204.27,1,Christmas Island,2016-03-06 06:51:23,1,Asia
77.65,28,66198.66,208.01,0,Ukraine,2016-02-26 19:35:54,0,Europe
76.02,40,73174.19,219.55,0,Malta,2016-07-13 14:30:14,0,Europe
78.84,26,56593.8,217.66,1,Italy,2016-06-29 07:20:46,0,Europe
71.33,23,31072.44,169.4,0,Japan,2016-03-15 06:54:21,1,Asia
81.9,41,66773.83,225.47,0,Mauritius,2016-06-11 06:47:55,0,Africa
46.89,48,72553.94,176.78,1,Turkey,2016-07-17 13:22:43,1,Asia
77.8,57,43708.88,152.94,0,Namibia,2016-02-14 14:38:01,1,Africa
45.44,43,48453.55,119.27,0,China,2016-05-04 05:01:37,1,Asia
69.96,31,73413.87,214.06,1,Netherlands,2016-05-20 12:17:28,0,Europe
87.35,35,58114.3,158.29,1,Gibraltar,2016-01-26 02:47:17,0,Europe
49.42,53,45465.25,128.0,1,Congo,2016-07-07 18:07:19,1,Africa
71.27,21,50147.72,216.03,1,Senegal,2016-01-11 12:46:31,0,Africa
49.19,38,61004.51,123.08,0,Hungary,2016-05-12 12:11:12,1,Europe
39.96,35,53898.89,138.52,1,Pitcairn Islands,2016-02-28 23:21:22,1,Oceania
85.01,29,59797.64,192.5,0,Slovakia (Slovak Republic),2016-05-03 16:02:50,0,Europe
68.95,51,74623.27,185.85,1,United States Virgin Islands,2016-03-15 20:19:20,0,North America
67.59,45,58677.69,113.69,0,Monaco,2016-07-23 05:21:39,1,Europe
75.71,34,62109.8,246.06,0,Portugal,2016-03-11 10:01:23,0,Europe
43.07,36,60583.02,137.63,1,Turkey,2016-02-11 20:45:46,1,Asia
39.47,43,65576.05,163.48,1,Uganda,2016-07-06 23:09:07,1,Africa
48.22,40,73882.91,214.33,0,Norfolk Island,2016-03-22 19:14:47,0,Oceania
76.76,25,50468.36,230.77,1,Niue,2016-05-26 13:28:36,0,Oceania
78.74,27,51409.45,234.75,0,Ukraine,2016-06-18 19:10:14,0,Europe
67.47,24,60514.05,225.05,1,Vanuatu,2016-03-20 07:12:52,0,Oceania
81.17,30,57195.96,231.91,1,United States Minor Outlying Islands,2016-06-03 07:00:36,0,North America
89.66,34,52802.58,171.23,1,Armenia,2016-02-03 15:15:42,0,Europe
79.6,28,56570.06,227.37,1,Sweden,2016-05-03 16:55:02,0,Europe
65.53,19,51049.47,190.17,1,Timor-Leste,2016-06-20 02:25:12,0,Asia
61.87,35,66629.61,250.2,1,French Southern Territories,2016-07-10 19:15:52,0,Antarctica
83.16,41,70185.06,194.95,0,Finland,2016-01-04 04:00:35,0,Europe
44.11,41,43111.41,121.24,1,Saint Vincent and the Grenadines,2016-04-20 16:49:15,1,North America
56.57,26,56435.6,131.98,0,Senegal,2016-01-23 13:14:18,1,Africa
83.91,29,53223.58,222.87,0,Burundi,2016-01-04 22:27:25,0,Africa
79.8,28,57179.91,229.88,1,Bahamas,2016-04-08 22:40:55,0,North America
71.23,52,41521.28,122.59,0,Sweden,2016-01-05 11:53:17,1,Europe
47.23,43,73538.09,210.87,1,Svalbard & Jan Mayen Islands,2016-03-17 22:24:02,1,Europe
82.37,30,63664.32,207.44,0,Tonga,2016-06-29 04:23:10,0,Oceania
43.63,38,61757.12,135.25,1,Korea,2016-05-25 19:45:16,1,Asia
70.9,28,71727.51,190.95,0,Kyrgyz Republic,2016-06-17 23:19:38,0,Asia
71.9,29,72203.96,193.29,1,Costa Rica,2016-04-24 07:20:16,0,North America
62.12,37,50671.6,105.86,1,Liechtenstein,2016-03-18 13:00:12,1,Europe
67.35,29,47510.42,118.69,0,Zimbabwe,2016-04-28 21:58:25,1,Africa
57.99,50,62466.1,124.58,0,Costa Rica,2016-02-12 08:46:15,1,North America
66.8,29,59683.16,248.51,0,Hungary,2016-07-11 13:23:37,1,Europe
49.13,32,41097.17,120.49,0,Fiji,2016-01-29 00:45:19,1,Oceania
45.11,58,39799.73,195.69,0,Netherlands,2016-01-05 16:26:44,1,Europe
54.35,42,76984.21,164.02,0,Sweden,2016-06-20 08:22:09,0,Europe
61.82,59,57877.15,151.93,1,Barbados,2016-02-06 17:48:28,1,North America
77.75,31,59047.91,240.64,1,Paraguay,2016-06-22 17:19:09,0,South America
70.61,28,72154.68,190.12,0,Italy,2016-04-16 05:24:33,0,Europe
82.72,31,65704.79,179.82,0,Belarus,2016-01-17 05:07:11,0,Europe
76.87,36,72948.76,212.59,0,South Georgia and the South Sandwich Islands,2016-07-08 22:30:10,0,Antarctica
65.07,34,73941.91,227.53,1,Anguilla,2016-03-11 00:05:48,0,North America
56.93,37,57887.64,111.8,0,Sierra Leone,2016-06-10 00:35:15,1,Africa
48.86,35,62463.7,128.37,1,Saint Martin,2016-01-04 00:44:57,1,North America
36.56,29,42838.29,195.89,0,Uganda,2016-01-01 15:14:24,1,Africa
85.73,32,43778.88,147.75,1,Saudi Arabia,2016-07-10 17:24:51,1,Asia
75.81,40,71157.05,229.19,0,Greenland,2016-03-27 19:50:11,0,North America
72.94,31,74159.69,190.84,0,Venezuela,2016-04-29 13:38:19,0,South America
53.63,54,50333.72,126.29,1,Liberia,2016-01-08 18:13:43,1,Africa
52.35,25,33293.78,147.61,1,Mali,2016-06-05 07:54:30,1,Africa
52.84,51,38641.2,121.57,1,Bosnia and Herzegovina,2016-06-29 10:50:45,1,Europe
51.58,33,49822.78,115.91,0,Brunei Darussalam,2016-04-24 13:46:10,1,Asia
42.32,29,63891.29,187.09,1,South Georgia and the South Sandwich Islands,2016-02-14 04:14:13,1,Antarctica
55.04,42,43881.73,106.96,1,Czech Republic,2016-06-15 05:43:02,1,Europe
68.58,41,13996.5,171.54,1,El Salvador,2016-07-06 12:04:29,1,North America
85.54,27,48761.14,175.43,1,Tokelau,2016-03-31 13:54:51,0,Oceania
71.14,30,69758.31,224.82,0,France,2016-06-21 00:52:47,0,Europe
64.38,19,52530.1,180.47,1,Gabon,2016-05-27 05:23:26,0,Africa
88.85,40,58363.12,213.96,0,Bulgaria,2016-01-17 18:45:55,0,Europe
66.79,60,60575.99,198.3,1,Burkina Faso,2016-04-07 20:34:42,1,Africa
32.6,45,48206.04,185.47,0,Mayotte,2016-05-02 18:37:01,1,Africa
43.88,54,31523.09,166.85,1,Somalia,2016-06-04 17:24:07,1,Africa
56.46,26,66187.58,151.63,0,Albania,2016-04-07 18:52:57,1,Europe
72.18,30,69438.04,225.02,0,Bolivia,2016-06-10 22:21:10,0,South America
52.67,44,14775.5,191.26,0,Jersey,2016-05-19 06:37:38,1,Europe
80.55,35,68016.9,219.91,0,British Virgin Islands,2016-03-28 23:01:24,0,North America
67.85,41,78520.99,202.7,1,Saint Helena,2016-01-21 22:51:34,1,Africa
75.55,36,31998.72,123.71,1,Bosnia and Herzegovina,2016-03-12 06:05:12,1,Europe
80.46,29,56909.3,230.78,0,India,2016-06-04 09:13:29,0,Asia
82.69,29,61161.29,167.41,1,Georgia,2016-05-24 10:16:38,0,Europe
35.21,39,52340.1,154.0,1,United States Minor Outlying Islands,2016-03-25 06:36:53,1,North America
36.37,40,47338.94,144.53,1,Kiribati,2016-04-22 00:28:18,1,Oceania
74.07,22,50950.24,165.43,1,Ghana,2016-03-22 04:13:35,0,Africa
59.96,33,77143.61,197.66,0,Samoa,2016-01-14 08:27:04,1,Oceania
85.62,29,57032.36,195.68,0,Iran,2016-04-14 21:37:49,0,Asia
40.88,33,48554.45,136.18,1,Costa Rica,2016-05-31 17:50:15,1,North America
36.98,31,39552.49,167.87,1,Northern Mariana Islands,2016-03-17 06:25:47,1,Oceania
35.49,47,36884.23,170.04,0,Liechtenstein,2016-04-13 07:07:36,1,Europe
56.56,26,68783.45,204.47,1,Grenada,2016-02-03 22:11:13,0,North America
36.62,32,51119.93,162.44,1,Poland,2016-02-02 19:59:17,1,Europe
49.35,49,44304.13,119.86,0,Kenya,2016-04-07 20:38:02,1,Africa
75.64,29,69718.19,204.82,1,Iran,2016-03-15 19:35:19,0,Asia
79.22,27,63429.18,198.79,1,Belgium,2016-03-11 12:39:19,0,Europe
77.05,34,65756.36,236.08,0,Namibia,2016-05-17 18:06:46,0,Africa
66.83,46,77871.75,196.17,1,Cyprus,2016-02-28 23:10:32,0,Europe
76.2,24,47258.59,228.81,1,Japan,2016-03-02 06:35:08,0,Asia
56.64,29,55984.89,123.24,1,Zimbabwe,2016-02-27 08:52:50,1,Africa
53.33,34,44275.13,111.63,1,Andorra,2016-03-14 04:34:35,1,Europe
50.63,50,25767.16,142.23,0,Luxembourg,2016-03-10 15:07:44,1,Europe
41.84,49,37605.11,139.32,0,Cyprus,2016-05-01 08:27:12,1,Europe
53.92,41,25739.09,125.46,1,Turkey,2016-06-12 11:17:25,1,Asia
83.89,28,60188.38,180.88,1,Hong Kong,2016-05-28 12:20:15,0,Asia
55.32,43,67682.32,127.65,0,Netherlands,2016-03-18 09:08:39,1,Europe
53.22,44,44307.18,108.85,0,United States Virgin Islands,2016-05-26 06:03:57,1,North America
43.16,35,25371.52,156.11,1,Marshall Islands,2016-07-06 03:40:17,1,Oceania
67.51,43,23942.61,127.2,0,Western Sahara,2016-04-29 14:10:00,1,Africa
43.16,29,50666.5,143.04,1,Saint Vincent and the Grenadines,2016-03-05 20:53:19,1,North America
79.89,30,50356.06,241.38,1,United States of America,2016-05-30 08:35:54,0,North America
84.25,32,63936.5,170.9,1,Angola,2016-04-10 06:32:11,0,Africa
74.18,28,69874.18,203.87,0,Cayman Islands,2016-01-20 02:31:36,0,North America
85.78,34,50038.65,232.78,0,Swaziland,2016-07-20 21:53:42,0,Africa
80.96,39,67866.95,225.0,1,Wallis and Futuna,2016-01-17 04:12:30,0,Oceania
36.91,48,54645.2,159.69,0,Zimbabwe,2016-02-24 07:13:00,1,Africa
54.47,23,46780.09,141.52,0,Chad,2016-03-26 19:37:46,1,Africa
81.98,34,67432.49,212.88,0,Saint Martin,2016-06-04 09:25:27,0,North America
79.6,39,73392.28,194.23,0,Rwanda,2016-04-22 07:48:33,0,Africa
57.51,38,47682.28,105.71,0,Moldova,2016-03-31 08:53:43,1,Europe
82.3,31,56735.83,232.21,0,Gabon,2016-04-16 08:36:08,0,Africa
73.21,30,51013.37,252.6,1,Denmark,2016-05-12 20:57:10,1,Europe
79.09,32,69481.85,209.72,1,Svalbard & Jan Mayen Islands,2016-05-07 21:32:51,0,Europe
68.47,28,67033.34,226.64,0,Poland,2016-06-25 00:33:23,0,Europe
83.69,36,68717.0,192.57,0,Fiji,2016-03-23 05:27:35,0,Oceania
83.48,31,59340.99,222.72,1,Philippines,2016-03-04 13:47:47,0,Asia
43.49,45,47968.32,124.67,0,Vietnam,2016-06-14 12:08:10,1,Asia
66.69,35,48758.92,108.27,0,Jersey,2016-05-11 19:13:42,1,Europe
48.46,49,61230.03,132.38,1,Indonesia,2016-01-21 23:33:22,1,Asia
42.51,30,54755.71,144.77,1,Palestinian Territory,2016-01-15 19:45:33,1,Asia
42.83,34,54324.73,132.38,1,Latvia,2016-04-23 09:42:08,1,Europe
41.46,42,52177.4,128.98,1,Malta,2016-05-23 08:06:24,1,Europe
45.99,33,51163.14,124.61,1,Afghanistan,2016-02-27 15:04:52,1,Asia
68.72,27,66861.67,225.97,0,Austria,2016-02-23 17:37:46,0,Europe
63.11,34,63107.88,254.94,1,Micronesia,2016-03-17 22:59:46,0,Oceania
49.21,46,49206.4,115.6,0,Mexico,2016-02-28 03:34:35,1,North America
55.77,49,55942.04,117.33,1,Chile,2016-03-15 14:33:12,1,South America
44.13,40,33601.84,128.48,1,Cuba,2016-03-03 20:20:32,1,North America
57.82,46,48867.36,107.56,1,Belarus,2016-04-06 14:16:52,1,Europe
72.46,40,56683.32,113.53,0,Malawi,2016-05-01 09:23:25,1,Africa
61.88,45,38260.89,108.18,0,Afghanistan,2016-05-30 08:02:27,1,Asia
78.24,23,54106.21,199.29,0,Luxembourg,2016-04-04 11:39:51,0,Europe
74.61,38,71055.22,231.28,1,South Africa,2016-04-06 23:10:40,0,Africa
89.18,37,46403.18,224.01,1,Nepal,2016-04-26 21:45:50,0,Asia
44.16,42,61690.93,133.42,1,Spain,2016-05-25 00:34:59,1,Europe
55.74,37,26130.93,124.34,1,Hong Kong,2016-02-11 16:45:41,1,Asia
88.82,36,58638.75,169.1,0,Slovakia (Slovak Republic),2016-01-30 00:05:37,0,Europe
70.39,32,47357.39,261.52,1,Cayman Islands,2016-07-12 10:56:21,0,North America
59.05,52,50086.17,118.45,1,Uganda,2016-04-23 03:46:34,1,Africa
78.58,33,51772.58,250.11,1,Vanuatu,2016-04-16 10:36:49,0,Oceania
35.11,35,47638.3,158.03,1,Anguilla,2016-03-11 13:07:30,1,North America
60.39,45,38987.42,108.25,1,Switzerland,2016-03-02 15:39:02,1,Europe
81.56,26,51363.16,213.7,1,Zimbabwe,2016-07-13 21:31:14,0,Africa
75.03,34,35764.49,255.57,0,Uruguay,2016-05-29 18:12:00,1,South America
50.87,24,62939.5,190.41,0,Liberia,2016-05-10 17:13:47,1,Africa
82.8,30,58776.67,223.2,1,Egypt,2016-05-07 08:39:47,0,Africa
78.51,25,59106.12,205.71,1,Greece,2016-01-17 13:27:13,0,Europe
37.65,51,50457.01,161.29,1,Bahrain,2016-03-09 06:22:03,1,Asia
83.17,43,54251.78,244.4,1,Sri Lanka,2016-04-05 18:02:49,0,Asia
91.37,45,51920.49,182.65,1,Kazakhstan,2016-04-01 07:37:18,1,Asia
68.25,29,70324.8,220.08,0,Greenland,2016-02-15 16:18:49,0,North America
81.32,25,52416.18,165.65,0,Moldova,2016-03-08 05:12:57,0,Europe
76.64,39,66217.31,241.5,1,Poland,2016-02-09 23:38:30,0,Europe
74.06,50,60938.73,246.29,1,Anguilla,2016-06-17 09:38:22,0,North America
39.53,33,40243.82,142.21,1,Central African Republic,2016-06-01 12:27:17,1,Africa
86.58,32,60151.77,195.93,1,Mexico,2016-02-26 23:44:44,0,North America
90.75,40,45945.88,216.5,0,Togo,2016-03-11 09:58:32,0,Africa
67.71,25,63430.33,225.76,1,Armenia,2016-04-28 02:55:10,0,Europe
82.41,36,65882.81,222.08,0,Nicaragua,2016-04-12 04:22:42,0,North America
45.82,27,64410.8,171.24,1,Eritrea,2016-02-10 20:43:38,1,Africa
76.79,27,55677.12,235.94,0,Canada,2016-05-01 23:21:53,0,North America
70.05,33,75560.65,203.44,0,Croatia,2016-03-24 17:48:31,0,Europe
72.19,32,61067.58,250.32,1,Switzerland,2016-04-22 19:45:19,0,Europe
77.35,34,72330.57,167.26,0,Yemen,2016-03-09 12:10:08,0,Asia
40.34,29,32549.95,173.75,0,Tokelau,2016-03-30 05:29:38,1,Oceania
67.39,44,51257.26,107.19,0,Armenia,2016-01-24 13:41:38,1,Europe
68.68,34,77220.42,187.03,1,Equatorial Guinea,2016-07-15 09:42:19,0,Africa
81.75,43,52520.75,249.45,0,Barbados,2016-06-07 05:41:16,0,North America
66.03,22,59422.47,217.37,0,American Samoa,2016-05-31 23:32:00,0,Oceania
47.74,33,22456.04,154.93,1,Saint Lucia,2016-05-14 14:49:05,1,North America
79.18,31,58443.99,236.96,0,Algeria,2016-01-10 20:18:21,0,Africa
86.81,29,50820.74,199.62,1,Turkmenistan,2016-02-21 16:57:59,0,Asia
41.53,42,67575.12,158.81,0,Mayotte,2016-05-23 00:32:54,1,Africa
70.92,39,66522.79,249.81,1,South Africa,2016-07-21 20:30:06,0,Africa
46.84,45,34903.67,123.22,0,Macao,2016-05-15 18:44:50,1,Asia
44.4,53,43073.78,140.95,1,France,2016-06-30 00:43:40,1,Europe
52.17,44,57594.7,115.37,1,Equatorial Guinea,2016-02-24 06:17:18,1,Africa
81.45,31,66027.31,205.84,1,Mali,2016-05-30 21:22:22,0,Africa
54.08,36,53012.94,111.02,1,Mayotte,2016-06-02 04:14:37,1,Africa
76.65,31,61117.5,238.43,0,Pakistan,2016-04-18 07:00:38,0,Asia
54.39,20,52563.22,171.9,1,Guadeloupe,2016-02-29 18:06:21,1,North America
37.74,40,65773.49,190.95,0,Denmark,2016-05-27 12:45:37,1,Europe
69.86,25,50506.44,241.36,0,New Zealand,2016-01-12 21:17:15,0,Oceania
85.37,36,66262.59,194.56,1,Netherlands Antilles,2016-01-27 17:08:19,0,North America
80.99,26,35521.88,207.53,1,Belarus,2016-06-10 03:56:41,0,Europe
78.84,32,62430.55,235.29,1,Taiwan,2016-04-09 09:26:39,0,Asia
77.36,41,49597.08,115.79,0,El Salvador,2016-02-26 06:00:16,1,North America
55.46,37,42078.89,108.1,0,Taiwan,2016-02-21 23:07:11,1,Asia
35.66,45,46197.59,151.72,0,Peru,2016-04-29 14:08:26,1,South America
50.78,51,49957.0,122.04,0,Liberia,2016-02-11 17:02:07,1,Africa
40.47,38,24078.93,203.9,0,Burundi,2016-07-22 07:44:43,1,Africa
45.62,43,53647.81,121.28,0,Macao,2016-06-26 02:34:15,1,Asia
84.76,30,61039.13,178.69,0,Venezuela,2016-05-14 23:08:14,0,South America
80.64,26,46974.15,221.59,0,Luxembourg,2016-05-24 10:04:39,0,Europe
75.94,27,53042.51,236.96,1,Italy,2016-02-16 12:05:45,0,Europe
37.01,50,48826.14,216.01,0,San Marino,2016-03-20 02:44:13,1,Europe
87.18,31,58287.86,193.6,0,Madagascar,2016-01-31 05:12:44,0,Africa
56.91,50,21773.22,146.44,0,Norfolk Island,2016-04-01 05:17:28,1,Oceania
75.24,24,52252.91,226.49,0,Vanuatu,2016-02-25 16:33:24,0,Oceania
42.84,52,27073.27,182.2,1,Tunisia,2016-03-21 11:02:49,1,Africa
67.56,47,50628.31,109.98,0,Paraguay,2016-02-12 05:20:19,1,South America
34.96,42,36913.51,160.49,1,Macedonia,2016-06-01 16:10:30,1,Europe
87.46,37,61009.1,211.56,1,Heard Island and McDonald Islands,2016-06-16 03:17:45,0,Antarctica
41.86,39,53041.77,128.62,1,Ethiopia,2016-03-26 15:28:07,1,Africa
34.04,34,40182.84,174.88,1,El Salvador,2016-02-16 07:37:28,1,North America
54.96,42,59419.78,113.75,1,Niger,2016-02-28 09:31:31,1,Africa
87.14,31,58235.21,199.4,1,Timor-Leste,2016-05-18 01:00:52,0,Asia
78.79,32,68324.48,215.29,1,Uruguay,2016-02-21 13:11:08,0,South America
65.56,25,69646.35,181.25,1,Somalia,2016-01-05 12:59:07,0,Africa
81.05,34,54045.39,245.5,0,Malaysia,2016-05-18 00:07:43,0,Asia
55.71,37,57806.03,112.52,1,Korea,2016-03-06 23:26:44,1,Asia
45.48,49,53336.76,129.16,1,Lao People's Democratic Republic,2016-05-19 04:23:41,1,Asia
47.0,56,50491.45,149.53,0,Bahamas,2016-04-29 20:40:21,1,North America
59.64,51,71455.62,153.12,1,Guyana,2016-05-03 01:09:01,1,South America
35.98,45,43241.88,150.79,0,Ethiopia,2016-06-27 21:51:47,1,Africa
72.55,22,58953.01,202.34,0,Bosnia and Herzegovina,2016-02-08 07:33:22,0,Europe
91.15,38,36834.04,184.98,0,Cyprus,2016-02-22 07:04:05,0,Europe
80.53,29,66345.1,187.64,0,Singapore,2016-03-21 08:13:24,0,Asia
82.49,45,38645.4,130.84,0,Dominican Republic,2016-05-31 00:58:37,1,North America
80.94,36,60803.0,239.94,0,Bermuda,2016-01-01 05:31:22,0,North America
61.76,34,33553.9,114.69,0,Jamaica,2016-05-27 08:53:51,1,North America
63.3,38,63071.34,116.19,0,Saint Barthelemy,2016-05-09 07:13:27,1,North America
36.73,34,46737.34,149.79,1,Albania,2016-06-27 01:56:36,1,Europe
78.41,33,55368.67,248.23,1,Mozambique,2016-06-03 04:51:46,0,Africa
83.98,36,68305.91,194.62,0,Zimbabwe,2016-02-24 00:44:44,0,Africa
63.18,45,39211.49,107.92,0,Georgia,2016-03-05 12:03:41,1,Europe
50.6,48,65956.71,135.67,0,Brazil,2016-01-15 22:49:45,1,South America
32.6,38,40159.2,190.05,0,Syrian Arab Republic,2016-02-12 03:39:09,1,Africa
60.83,19,40478.83,185.46,1,Palestinian Territory,2016-02-19 20:49:27,0,Asia
44.72,46,40468.53,123.86,1,Grenada,2016-03-12 02:48:18,1,North America
78.76,51,66980.27,162.05,0,Ghana,2016-07-23 04:04:42,1,Africa
79.51,39,34942.26,125.11,1,Brunei Darussalam,2016-03-06 09:33:46,1,Asia
39.3,32,48335.2,145.73,0,Lithuania,2016-02-24 04:11:37,1,Europe
64.79,30,42251.59,116.07,0,Maldives,2016-02-17 20:22:49,1,Asia
89.8,36,57330.43,198.24,0,Lesotho,2016-02-02 04:57:50,0,Africa
72.82,34,75769.82,191.82,1,Czech Republic,2016-01-27 16:06:05,0,Europe
38.65,31,51812.71,154.77,1,Iceland,2016-05-24 09:50:41,1,Europe
59.01,30,75265.96,178.75,1,Philippines,2016-02-08 22:45:26,1,Asia
78.96,50,69868.48,193.15,0,Cayman Islands,2016-02-12 01:55:38,1,North America
63.99,43,72802.42,138.46,0,Haiti,2016-01-11 08:18:12,1,North America
41.35,27,39193.45,162.46,1,Colombia,2016-03-03 03:51:27,1,South America
62.79,36,18368.57,231.87,1,Luxembourg,2016-05-30 20:08:51,1,Europe
45.53,29,56129.89,141.58,0,United Arab Emirates,2016-04-22 22:01:21,1,Asia
51.65,31,58996.56,249.99,0,Ireland,2016-05-25 10:39:28,0,Europe
54.55,44,41547.62,109.04,0,Canada,2016-02-04 03:10:17,1,North America
35.66,36,59240.24,172.57,0,Svalbard & Jan Mayen Islands,2016-02-21 20:09:12,1,Europe
69.95,28,56725.47,247.01,0,Malta,2016-04-28 01:24:34,0,Europe
79.83,29,55764.43,234.23,1,Sudan,2016-05-18 19:33:51,0,Africa
85.35,37,64235.51,161.42,1,Ecuador,2016-02-17 11:15:31,0,South America
56.78,28,39939.39,124.32,0,Senegal,2016-06-19 23:04:45,1,Africa
78.67,26,63319.99,195.56,0,Cambodia,2016-02-20 09:54:06,0,Asia
70.09,21,54725.87,211.17,0,Belarus,2016-01-22 12:58:14,0,Europe
60.75,42,69775.75,247.05,1,Guyana,2016-02-19 13:26:24,0,South America
65.07,24,57545.56,233.85,0,Mali,2016-01-03 07:13:53,0,Africa
35.25,50,47051.02,194.44,0,Iran,2016-01-03 04:39:47,1,Asia
37.58,52,51600.47,176.7,1,Bulgaria,2016-04-13 13:04:47,1,Europe
68.01,25,68357.96,188.32,1,Afghanistan,2016-01-01 03:35:35,0,Asia
45.08,38,35349.26,125.27,0,Liberia,2016-03-27 08:32:37,1,Africa
63.04,27,69784.85,159.05,0,Netherlands Antilles,2016-07-10 16:25:56,1,North America
40.18,29,50760.23,151.96,0,Hong Kong,2016-06-25 04:21:33,1,Asia
45.17,48,34418.09,132.07,1,Palau,2016-01-27 14:41:10,1,Oceania
50.48,50,20592.99,162.43,0,Malawi,2016-05-16 18:51:59,1,Africa
80.87,28,63528.8,203.3,0,Uruguay,2016-02-27 20:20:25,0,South America
41.88,40,44217.68,126.11,1,Cyprus,2016-02-28 23:54:44,1,Europe
39.87,48,47929.83,139.34,1,Mexico,2016-06-13 06:11:33,1,North America
61.84,45,46024.29,105.63,1,Niger,2016-05-05 11:07:13,1,Africa
54.97,31,51900.03,116.38,1,France,2016-07-07 12:17:33,1,Europe
71.4,30,72188.9,166.31,0,Japan,2016-05-24 17:07:08,0,Asia
70.29,31,56974.51,254.65,1,Norfolk Island,2016-03-30 14:36:55,0,Oceania
67.26,57,25682.65,168.41,1,Bulgaria,2016-05-27 05:54:03,1,Europe
76.58,46,41884.64,258.26,0,Uzbekistan,2016-01-03 16:30:51,0,Asia
54.37,38,72196.29,140.77,0,Mexico,2016-06-25 18:17:53,1,North America
82.79,32,54429.17,234.81,1,Brunei Darussalam,2016-02-24 10:36:43,0,Asia
66.47,31,58037.66,256.39,1,France,2016-03-03 03:13:48,0,Europe
72.88,44,64011.26,125.12,0,Yemen,2016-04-21 19:56:24,1,Asia
76.44,28,59967.19,232.68,1,Northern Mariana Islands,2016-04-06 17:26:37,0,Oceania
63.37,43,43155.19,105.04,1,Poland,2016-03-23 12:53:23,1,Europe
89.71,48,51501.38,204.4,1,Bahrain,2016-02-17 07:00:38,0,Asia
70.96,31,55187.85,256.4,0,Saint Pierre and Miquelon,2016-06-26 07:01:47,0,North America
35.79,44,33813.08,165.62,1,Tonga,2016-04-20 13:36:42,1,Oceania
38.96,38,36497.22,140.67,1,Comoros,2016-07-21 16:02:40,1,Africa
69.17,40,66193.81,123.62,0,Montenegro,2016-03-06 11:36:06,1,Europe
64.2,27,66200.96,227.63,1,Isle of Man,2016-02-11 23:45:01,0,Oceania
43.7,28,63126.96,173.01,0,Mayotte,2016-04-04 03:57:48,1,Africa
72.97,30,71384.57,208.58,1,Lebanon,2016-02-11 21:49:00,1,Asia
51.3,45,67782.17,134.42,1,Bosnia and Herzegovina,2016-04-22 02:07:01,1,Europe
51.63,51,42415.72,120.37,1,Mongolia,2016-02-01 17:24:57,1,Asia
55.55,19,41920.79,187.95,0,Guatemala,2016-03-24 02:35:54,0,North America
45.01,26,29875.8,178.35,0,Brazil,2016-06-03 21:43:21,1,South America
